id,latitude,longitude,time,speed,accuracy,altitude,bearing,segment_id
3581873,45.49576924,-122.63344043,"2024-04-22 20:30:03.681000",,,19.8765258789062,,5156
3581874,45.49576926,-122.63344045,"2024-04-22 20:30:09.871000",,,19.870849609375,,5156
3581875,45.49576923,-122.63344039,"2024-04-22 20:30:16.058000",,,19.8805541992188,,5156
3581876,45.49576921,-122.63344034,"2024-04-22 20:30:22.260000",,,19.8823852539063,,5156
3581877,45.49576921,-122.63344028,"2024-04-22 20:30:30.000000",,,19.8881225585937,,5156
3581878,45.49576921,-122.63344026,"2024-04-22 20:30:35.681000",,,19.88818359375,,5156
3581879,45.49576921,-122.63344026,"2024-04-22 20:30:41.854000",,,19.8860473632813,,5156
3581880,45.49576918,-122.63344028,"2024-04-22 20:30:49.000000",,,19.875244140625,,5156
3581881,45.49576916,-122.63344029,"2024-04-22 20:30:54.679000",,,19.8739013671875,,5156
3581882,45.49576911,-122.63344032,"2024-04-22 20:31:02.000000",,,19.8733520507812,,5156
3581883,45.49576909,-122.63344019,"2024-04-22 20:31:07.689000",,,19.890869140625,,5156
3581884,45.49576904,-122.63344034,"2024-04-22 20:31:15.000000",,,19.8851318359375,,5156
3581885,45.49575111,-122.63343889,"2024-04-22 20:31:20.674000",,,19.8584594726562,,5156
3581886,45.49538447,-122.63347821,"2024-04-22 20:31:26.859000",,,6.8280029296875,,5156
3581887,45.49519702,-122.63346384,"2024-04-22 20:31:33.026000",,,6.57034301757812,,5156
3581888,45.4949607,-122.63346865,"2024-04-22 20:31:40.000000",,,18.3766479492188,,5156
3581889,45.49439256,-122.6337431,"2024-04-22 20:31:47.000000",,,16.4749755859375,,5156
3581890,45.49411428,-122.63362086,"2024-04-22 20:31:52.688000",,,9.91909790039063,,5156
3581891,45.49372057,-122.63371096,"2024-04-22 20:32:00.000000",,,10.525390625,,5156
3581892,45.49343742,-122.63375481,"2024-04-22 20:32:07.000000",,,21.4270629882812,,5156
3581893,45.49332394,-122.6334719,"2024-04-22 20:32:14.000000",,,24.9030151367187,,5156
3581894,45.49327793,-122.63311938,"2024-04-22 20:32:19.682000",,,32.9782104492187,,5156
3581895,45.49330435,-122.63265238,"2024-04-22 20:32:25.867000",,,29.791259765625,,5156
3581896,45.4932974,-122.63234606,"2024-04-22 20:32:32.023000",,,22.042724609375,,5156
3581897,45.49334133,-122.63188178,"2024-04-22 20:32:39.000000",,,10.5948791503906,,5156
3581898,45.49332893,-122.63143882,"2024-04-22 20:32:44.649000",,,9.71731567382813,,5156
3581899,45.49331438,-122.63111994,"2024-04-22 20:32:50.847000",,,19.74072265625,,5156
3581900,45.49330406,-122.63074084,"2024-04-22 20:32:57.024000",,,17.8529663085938,,5156
3581901,45.49332992,-122.63025635,"2024-04-22 20:33:03.209000",,,13.577392578125,,5156
3581902,45.4932309,-122.62982808,"2024-04-22 20:33:11.000000",,,7.51376342773437,,5156
3581903,45.49331035,-122.62939542,"2024-04-22 20:33:16.685000",,,8.64614868164063,,5156
3581904,45.49327365,-122.62908457,"2024-04-22 20:33:22.862000",,,11.9884643554688,,5156
3581905,45.49328193,-122.62874766,"2024-04-22 20:33:29.040000",,,9.37890625,,5156
3581906,45.49330682,-122.62834135,"2024-04-22 20:33:35.183000",,,12.6177368164063,,5156
3581907,45.49331021,-122.62795265,"2024-04-22 20:33:41.313000",,,20.2149047851562,,5156
3581908,45.49325176,-122.62743726,"2024-04-22 20:33:47.468000",,,13.897705078125,,5156
3581909,45.49328851,-122.62684445,"2024-04-22 20:33:53.665000",,,17.0369262695313,,5156
3581910,45.49332941,-122.62647812,"2024-04-22 20:33:59.856000",,,28.0545043945312,,5156
3581911,45.4933618,-122.62569724,"2024-04-22 20:34:07.759000",,,18.3196411132812,,5156
3581912,45.4934214,-122.6248291,"2024-04-22 20:34:15.778000",,,31.1961669921875,,5156
3581913,45.49332027,-122.62412652,"2024-04-22 20:34:25.000000",,,16.0910034179687,,5156
3581914,45.49325915,-122.62368178,"2024-04-22 20:34:32.000000",,,21.5760498046875,,5156
3581915,45.49318197,-122.62323548,"2024-04-22 20:34:38.770000",,,19.7280883789062,,5156
3581916,45.49326525,-122.62250691,"2024-04-22 20:34:48.000000",,,28.3073120117187,,5156
3581917,45.49327389,-122.6222017,"2024-04-22 20:34:53.697000",,,30.990966796875,,5156
3581918,45.49321566,-122.62182034,"2024-04-22 20:34:59.983000",,,23.7909545898437,,5156
3581919,45.49323127,-122.62142918,"2024-04-22 20:35:07.000000",,,23.7525024414062,,5156
3581920,45.49327385,-122.62082703,"2024-04-22 20:35:14.000000",,,15.3797607421875,,5156
3581921,45.49323481,-122.62051574,"2024-04-22 20:35:19.636000",,,29.88037109375,,5156
3581922,45.49325733,-122.62028539,"2024-04-22 20:35:25.810000",,,29.7408447265625,,5156
3581923,45.49324108,-122.61992241,"2024-04-22 20:35:31.987000",,,25.00732421875,,5156
3581924,45.49323151,-122.6196005,"2024-04-22 20:35:38.196000",,,25.7312622070312,,5156
3581925,45.49317405,-122.61921411,"2024-04-22 20:35:46.000000",,,21.0964965820312,,5156
3581926,45.49303124,-122.61908351,"2024-04-22 20:35:51.680000",,,14.91259765625,,5156
3581927,45.49284448,-122.61901863,"2024-04-22 20:35:57.857000",,,13.32080078125,,5156
3581928,45.49261849,-122.61905478,"2024-04-22 20:36:04.037000",,,17.1741333007812,,5156
3581929,45.49236915,-122.6190649,"2024-04-22 20:36:10.242000",,,22.364990234375,,5156
3581930,45.49204471,-122.61908393,"2024-04-22 20:36:17.761000",,,21.2388305664062,,5156
3581931,45.49172835,-122.61916156,"2024-04-22 20:36:24.760000",,,35.5194091796875,,5156
3581932,45.49132521,-122.6192019,"2024-04-22 20:36:34.000000",,,36.3854370117187,,5156
3581933,45.49136844,-122.61915807,"2024-04-22 20:36:40.752000",,,39.5724487304687,,5156
3581934,45.49138373,-122.61911505,"2024-04-22 20:36:50.000000",,,39.7898559570312,,5156
3581935,45.49137112,-122.61903562,"2024-04-22 20:36:58.000000",,,35.5394287109375,,5156
3581936,45.49134772,-122.61904518,"2024-04-22 20:37:06.000000",,,31.59521484375,,5156
3581937,45.49121667,-122.61904362,"2024-04-22 20:37:11.693000",,,29.815185546875,,5156
3581938,45.49092665,-122.61914039,"2024-04-22 20:37:19.000000",,,40.2709350585937,,5156
3581939,45.4907191,-122.6191479,"2024-04-22 20:37:24.675000",,,41.1988525390625,,5156
3581940,45.49050857,-122.61921231,"2024-04-22 20:37:31.775000",,,39.4630737304687,,5156
3581941,45.49038821,-122.61926656,"2024-04-22 20:37:38.101000",,,45.6204833984375,,5156
3581942,45.49038578,-122.6194991,"2024-04-22 20:37:44.757000",,,50.03076171875,,5156
3581943,45.49040324,-122.61954533,"2024-04-22 20:37:54.000000",,,41.1190795898437,,5156
3581944,45.49030009,-122.6196457,"2024-04-22 20:37:59.769000",,,30.0609130859375,,5156
3581945,45.48998396,-122.61980915,"2024-04-22 20:38:07.000000",,,35.42578125,,5156
3581946,45.48960387,-122.61985902,"2024-04-22 20:38:15.000000",,,39.0228271484375,,5156
3581947,45.4891522,-122.61987711,"2024-04-22 20:38:23.000000",,,35.29736328125,,5156
3581948,45.48870473,-122.62017133,"2024-04-22 20:38:31.000000",,,39.0849609375,,5156
3581949,45.48848683,-122.62046572,"2024-04-22 20:38:36.683000",,,45.4490356445313,,5156
3581950,45.48817481,-122.62036981,"2024-04-22 20:38:43.770000",,,37.95654296875,,5156
3581951,45.48764937,-122.62055848,"2024-04-22 20:38:53.000000",,,52.9183349609375,,5156
3581952,45.48720995,-122.62067273,"2024-04-22 20:39:01.000000",,,33.5076293945312,,5156
3581953,45.48696209,-122.62074285,"2024-04-22 20:39:06.638000",,,28.3566284179687,,5156
3581954,45.48660046,-122.62071905,"2024-04-22 20:39:14.000000",,,36.4035034179687,,5156
3581955,45.4862622,-122.62051751,"2024-04-22 20:39:21.000000",,,45.0101318359375,,5156
3581956,45.48590059,-122.6206437,"2024-04-22 20:39:28.000000",,,46.0513305664062,,5156
3581957,45.48552084,-122.62063488,"2024-04-22 20:39:35.000000",,,43.8494873046875,,5156
3581958,45.48523544,-122.62068366,"2024-04-22 20:39:40.683000",,,37.566650390625,,5156
3581959,45.48495865,-122.62074782,"2024-04-22 20:39:46.864000",,,45.90087890625,,5156
3581960,45.48472843,-122.62072209,"2024-04-22 20:39:54.000000",,,37.3822631835937,,5156
3581961,45.4843664,-122.62073207,"2024-04-22 20:40:01.000000",,,37.2503051757812,,5156
3581962,45.48407922,-122.62074742,"2024-04-22 20:40:06.686000",,,35.80078125,,5156
3581963,45.48363806,-122.62078677,"2024-04-22 20:40:12.862000",,,38.7307739257812,,5156
3581964,45.48332071,-122.62062128,"2024-04-22 20:40:19.039000",,,36.3724975585937,,5156
3581965,45.48289841,-122.6207454,"2024-04-22 20:40:26.000000",,,36.2459716796875,,5156
3581966,45.48269945,-122.6207615,"2024-04-22 20:40:31.656000",,,31.8211669921875,,5156
3581967,45.48228869,-122.62067279,"2024-04-22 20:40:37.855000",,,40.3534545898437,,5156
3581968,45.48178917,-122.6205907,"2024-04-22 20:40:45.000000",,,50.0288696289062,,5156
3581969,45.4815033,-122.62068101,"2024-04-22 20:40:50.682000",,,44.2577514648437,,5156
3581970,45.48113309,-122.62067992,"2024-04-22 20:40:56.875000",,,46.615234375,,5156
3581971,45.48072603,-122.62070353,"2024-04-22 20:41:03.059000",,,52.3047485351562,,5156
3581972,45.48033834,-122.6207143,"2024-04-22 20:41:10.000000",,,56.9222412109375,,5156
3581973,45.47983589,-122.62084657,"2024-04-22 20:41:17.000000",,,42.07958984375,,5156
3581974,45.47944618,-122.6208331,"2024-04-22 20:41:24.000000",,,48.9266967773437,,5156
3581975,45.47947491,-122.62036525,"2024-04-22 20:41:29.697000",,,46.4088745117187,,5156
3581976,45.47940672,-122.62044233,"2024-04-22 20:41:36.784000",,,54.90087890625,,5156
3581977,45.47947397,-122.620558,"2024-04-22 20:41:44.780000",,,61.27099609375,,5156
3581978,45.4795018,-122.62052306,"2024-04-22 20:41:54.000000",,,80.5492553710938,,5156
3581979,45.47946497,-122.62050103,"2024-04-22 20:42:01.000000",,,70.5543212890625,,5156
3581980,45.47947381,-122.62049819,"2024-04-22 20:42:09.000000",,,71.4953002929687,,5156
3581981,45.47946599,-122.62050529,"2024-04-22 20:42:16.000000",,,73.3768310546875,,5156
3581982,45.47947052,-122.62049782,"2024-04-22 20:42:21.657000",,,72.9909057617187,,5156
3581983,45.4795277,-122.6208605,"2024-04-22 20:42:28.910000",,,,,5156
3581984,45.47947273,-122.62050049,"2024-04-22 20:42:33.497000",,,69.7804565429687,,5156
3581985,45.47947095,-122.62051179,"2024-04-22 20:42:39.714000",,,69.1741943359375,,5156
3581986,45.47946811,-122.62051381,"2024-04-22 20:42:45.883000",,,71.532470703125,,5156
3581987,45.47947423,-122.62051861,"2024-04-22 20:42:53.000000",,,71.0570678710937,,5156
3581988,45.47947087,-122.62052261,"2024-04-22 20:42:58.646000",,,71.3779296875,,5156
3581989,45.47947105,-122.62052224,"2024-04-22 20:43:04.841000",,,71.3399658203125,,5156
3581990,45.47946813,-122.62052364,"2024-04-22 20:43:11.061000",,,71.1009521484375,,5156
3581991,45.47946814,-122.62052362,"2024-04-22 20:43:20.000000",,,71.104248046875,,5156
3581992,45.47946447,-122.62053339,"2024-04-22 20:43:28.000000",,,72.1194458007812,,5156
3581993,45.47946331,-122.62053624,"2024-04-22 20:43:35.000000",,,72.4740600585937,,5156
3581994,45.47946332,-122.6205362,"2024-04-22 20:43:45.000000",,,72.4683837890625,,5156
3581995,45.47946327,-122.62053623,"2024-04-22 20:43:57.000000",,,72.466064453125,,5156
3581996,45.47946471,-122.62053816,"2024-04-22 20:44:06.000000",,,72.5939331054687,,5156
3581997,45.47946521,-122.62053892,"2024-04-22 20:44:15.000000",,,72.5946044921875,,5156
3581998,45.47946751,-122.6205373,"2024-04-22 20:44:25.000000",,,72.2965698242188,,5156
3581999,45.47947214,-122.62053187,"2024-04-22 20:44:30.689000",,,72.2964477539062,,5156
3582000,45.47947215,-122.62053185,"2024-04-22 20:44:37.780000",,,72.2909545898437,,5156
3582001,45.47947213,-122.62053112,"2024-04-22 20:44:52.000000",,,71.9796752929687,,5156
3582002,45.47947185,-122.62053133,"2024-04-22 20:45:06.000000",,,71.955322265625,,5156
3582003,45.4794717,-122.62053161,"2024-04-22 20:45:17.000000",,,71.8876953125,,5156
3582004,45.4794715,-122.62053163,"2024-04-22 20:45:29.000000",,,71.81689453125,,5156
3582005,45.47947155,-122.62053157,"2024-04-22 20:45:43.000000",,,71.811279296875,,5156
3582006,45.47947142,-122.62053141,"2024-04-22 20:45:54.000000",,,71.6910400390625,,5156
3582007,45.47947144,-122.62053136,"2024-04-22 20:46:05.000000",,,71.6866455078125,,5156
3582008,45.47947145,-122.6205313,"2024-04-22 20:46:17.000000",,,71.6830444335937,,5156
3582009,45.47947221,-122.62052959,"2024-04-22 20:46:26.000000",,,71.5675659179687,,5156
3582010,45.4795813,-122.6207165,"2024-04-22 20:46:35.017000",,,,,5156
3582011,45.4794725,-122.62053181,"2024-04-22 20:46:44.000000",,,71.6945190429687,,5156
3582012,45.47947118,-122.62053364,"2024-04-22 20:46:55.000000",,,71.7518310546875,,5156
3582013,45.47947055,-122.62053348,"2024-04-22 20:47:03.000000",,,71.86181640625,,5156
3582014,45.47947244,-122.62053581,"2024-04-22 20:47:11.000000",,,71.2274169921875,,5156
3582015,45.47947184,-122.62053547,"2024-04-22 20:47:19.000000",,,70.9583740234375,,5156
3582016,45.47947175,-122.62053641,"2024-04-22 20:47:26.000000",,,69.2615356445312,,5156
3582017,45.47947075,-122.6205378,"2024-04-22 20:47:34.000000",,,68.7286987304687,,5156
3582018,45.47946577,-122.62053737,"2024-04-22 20:47:42.000000",,,68.4552612304687,,5156
3582019,45.47946614,-122.62053679,"2024-04-22 20:47:50.000000",,,68.400390625,,5156
3582020,45.47946557,-122.62053678,"2024-04-22 20:47:58.000000",,,68.3674926757812,,5156
3582021,45.47946561,-122.62053673,"2024-04-22 20:48:04.767000",,,68.361572265625,,5156
3582022,45.47946556,-122.62053677,"2024-04-22 20:48:12.780000",,,68.3585815429688,,5156
3582023,45.47946385,-122.62053487,"2024-04-22 20:48:23.000000",,,68.1395263671875,,5156
3582024,45.4794638,-122.62053487,"2024-04-22 20:48:31.000000",,,68.1328125,,5156
3582025,45.47946367,-122.6205349,"2024-04-22 20:48:42.000000",,,68.1282958984375,,5156
3582026,45.47946587,-122.62053227,"2024-04-22 20:48:51.000000",,,67.7852783203125,,5156
3582027,45.47946618,-122.62053175,"2024-04-22 20:49:00.000000",,,67.7709350585937,,5156
3582028,45.47946622,-122.62053167,"2024-04-22 20:49:09.000000",,,67.7664794921875,,5156
3582029,45.47946624,-122.62053164,"2024-04-22 20:49:19.000000",,,67.7313232421875,,5156
3582030,45.47946625,-122.62053163,"2024-04-22 20:49:30.000000",,,67.73779296875,,5156
3582031,45.47946564,-122.62053178,"2024-04-22 20:49:39.000000",,,67.1396484375,,5156
3582032,45.47946569,-122.62053165,"2024-04-22 20:49:48.000000",,,67.137451171875,,5156
3582033,45.47946576,-122.62053163,"2024-04-22 20:49:57.000000",,,67.1442260742187,,5156
3582034,45.47946579,-122.62053163,"2024-04-22 20:50:04.000000",,,67.1449584960937,,5156
3582035,45.47946662,-122.6205305,"2024-04-22 20:50:13.000000",,,67.1324462890625,,5156
3582036,45.47947319,-122.62052081,"2024-04-22 20:50:23.000000",,,67.0317993164062,,5156
3582037,45.47947322,-122.62052076,"2024-04-22 20:50:35.000000",,,67.0311279296875,,5156
3582038,45.47947329,-122.62052066,"2024-04-22 20:50:45.000000",,,67.02783203125,,5156
3582039,45.47947898,-122.62051268,"2024-04-22 20:51:08.000000",,,65.1117553710937,,5156
3582040,45.47947897,-122.6205127,"2024-04-22 20:51:22.000000",,,65.1068115234375,,5156
3582041,45.4794793,-122.62051205,"2024-04-22 20:51:38.000000",,,65.06005859375,,5156
3582042,45.47947772,-122.62051378,"2024-04-22 20:51:51.000000",,,64.6373901367187,,5156
3582043,45.47947806,-122.62051589,"2024-04-22 20:52:00.000000",,,64.758056640625,,5156
3582044,45.47947805,-122.62051585,"2024-04-22 20:52:10.000000",,,64.7550048828125,,5156
3582045,45.47947805,-122.62051583,"2024-04-22 20:52:21.000000",,,64.7528076171875,,5156
3582046,45.47947871,-122.62051433,"2024-04-22 20:52:32.000000",,,64.6333618164062,,5156
3582047,45.47947916,-122.62051654,"2024-04-22 20:52:42.000000",,,64.7544555664063,,5156
3582048,45.47947812,-122.62051267,"2024-04-22 20:52:52.000000",,,64.1924438476562,,5156
3582049,45.47947731,-122.6205106,"2024-04-22 20:53:02.000000",,,63.8629150390625,,5156
3582050,45.47947733,-122.62051069,"2024-04-22 20:53:13.000000",,,63.8768920898437,,5156
3582051,45.47947735,-122.62051067,"2024-04-22 20:53:25.000000",,,63.874267578125,,5156
3582052,45.47947736,-122.62051065,"2024-04-22 20:53:39.000000",,,63.8737182617188,,5156
3582053,45.47947811,-122.62050995,"2024-04-22 20:53:53.000000",,,63.9826049804687,,5156
3582054,45.4794781,-122.62050997,"2024-04-22 20:54:05.000000",,,63.9713745117188,,5156
3582055,45.47947812,-122.62050994,"2024-04-22 20:54:17.000000",,,63.9696044921875,,5156
3582056,45.47947804,-122.62051004,"2024-04-22 20:54:34.000000",,,63.9628295898438,,5156
3582057,45.4794771,-122.62051095,"2024-04-22 20:54:46.000000",,,63.844482421875,,5156
3582058,45.47947645,-122.62051155,"2024-04-22 20:55:00.000000",,,63.7619018554687,,5156
3582059,45.47947637,-122.62051121,"2024-04-22 20:55:10.000000",,,63.5802612304687,,5156
3582060,45.47947611,-122.62051013,"2024-04-22 20:55:20.000000",,,63.3274536132813,,5156
3582061,45.47947352,-122.62051036,"2024-04-22 20:55:31.000000",,,62.9271850585937,,5156
3582062,45.47947369,-122.62050923,"2024-04-22 20:55:42.000000",,,62.5648193359375,,5156
3582063,45.47947272,-122.62050914,"2024-04-22 20:55:51.000000",,,62.3241577148437,,5156
3582064,45.47948634,-122.620485,"2024-04-22 20:56:18.000000",,,59.7271118164062,,5156
3582065,45.47948642,-122.62048472,"2024-04-22 20:56:36.000000",,,59.6973876953125,,5156
3582066,45.47948651,-122.62048437,"2024-04-22 20:56:55.000000",,,59.6476440429688,,5156
3582067,45.47948647,-122.62048403,"2024-04-22 20:57:13.000000",,,59.5797729492187,,5156
3582068,45.47949352,-122.62047046,"2024-04-22 20:57:35.000000",,,58.9501342773437,,5156
3582069,45.47949346,-122.62047029,"2024-04-22 20:57:55.000000",,,58.9161376953125,,5156
3582070,45.47949702,-122.62046701,"2024-04-22 20:58:17.000000",,,58.7289428710937,,5156
3582071,45.479497,-122.62046701,"2024-04-22 20:58:35.000000",,,58.72802734375,,5156
3582072,45.47949699,-122.62046699,"2024-04-22 20:58:46.000000",,,58.7254638671875,,5156
3582073,45.47949437,-122.62046566,"2024-04-22 20:58:55.000000",,,58.5314331054687,,5156
3582074,45.47949361,-122.62046729,"2024-04-22 20:59:02.000000",,,58.6176147460937,,5156
3582075,45.47949362,-122.62046728,"2024-04-22 20:59:17.000000",,,58.6181030273437,,5156
3582076,45.47949292,-122.62046769,"2024-04-22 20:59:37.000000",,,58.6176147460937,,5156
3582077,45.47949292,-122.62046769,"2024-04-22 20:59:53.000000",,,58.616943359375,,5156
3582078,45.47949292,-122.62046766,"2024-04-22 21:00:10.000000",,,58.6146240234375,,5156
3582079,45.47949509,-122.62046038,"2024-04-22 21:00:16.000000",,,57.5077514648438,,5156
3582080,45.4794951,-122.62046038,"2024-04-22 21:00:24.000000",,,57.5032958984375,,5156
3582081,45.4795803,-122.6207476,"2024-04-22 21:00:35.477000",,,,,5156
3582082,45.47949498,-122.62046026,"2024-04-22 21:00:53.000000",,,57.4673461914062,,5156
3582083,45.47949419,-122.62046081,"2024-04-22 21:01:05.000000",,,57.4326171875,,5156
3582084,45.47949447,-122.62046024,"2024-04-22 21:01:16.000000",,,57.4085083007812,,5156
3582085,45.47949446,-122.62046022,"2024-04-22 21:01:26.000000",,,57.4054565429687,,5156
3582086,45.47949429,-122.62046054,"2024-04-22 21:01:37.000000",,,57.4085083007812,,5156
3582087,45.47949407,-122.62046099,"2024-04-22 21:01:46.000000",,,57.4204711914063,,5156
3582088,45.47949385,-122.62046145,"2024-04-22 21:01:56.000000",,,57.436279296875,,5156
3582089,45.47949384,-122.62046145,"2024-04-22 21:02:03.000000",,,57.4352416992187,,5156
3582090,45.47949376,-122.6204616,"2024-04-22 21:02:13.000000",,,57.448486328125,,5156
3582091,45.47949379,-122.6204622,"2024-04-22 21:02:23.000000",,,57.5524291992187,,5156
3582092,45.47949391,-122.62046421,"2024-04-22 21:02:32.000000",,,57.6809692382812,,5156
3582093,45.4794939,-122.62046401,"2024-04-22 21:02:43.000000",,,57.6419677734375,,5156
3582094,45.47949269,-122.62046529,"2024-04-22 21:02:52.000000",,,57.6068725585937,,5156
3582095,45.47949326,-122.62046425,"2024-04-22 21:03:01.000000",,,57.6456298828125,,5156
3582096,45.47949325,-122.62046424,"2024-04-22 21:03:12.000000",,,57.6441650390625,,5156
3582097,45.47949324,-122.6204642,"2024-04-22 21:03:25.000000",,,57.6380004882812,,5156
3582098,45.47949305,-122.62046363,"2024-04-22 21:03:35.000000",,,57.5681762695313,,5156
3582099,45.47949302,-122.62046357,"2024-04-22 21:03:46.000000",,,57.558349609375,,5156
3582100,45.47949302,-122.62046356,"2024-04-22 21:03:58.000000",,,57.5562744140625,,5156
3582101,45.47949302,-122.62046355,"2024-04-22 21:04:08.000000",,,57.5560302734375,,5156
3582102,45.47949303,-122.62046351,"2024-04-22 21:04:20.000000",,,57.5538330078125,,5156
3582103,45.47949045,-122.62046857,"2024-04-22 21:04:29.000000",,,57.5381469726562,,5156
3582104,45.47949052,-122.6204681,"2024-04-22 21:04:38.000000",,,57.456787109375,,5156
3582105,45.47949013,-122.62046897,"2024-04-22 21:04:49.000000",,,57.4796752929688,,5156
3582106,45.47948998,-122.62046933,"2024-04-22 21:04:58.000000",,,57.5043334960937,,5156
3582107,45.47948956,-122.62046975,"2024-04-22 21:05:13.000000",,,57.35107421875,,5156
3582108,45.4795812,-122.6207109,"2024-04-22 21:05:23.847000",,,,,5156
3582109,45.47948976,-122.62047141,"2024-04-22 21:05:36.000000",,,57.4527587890625,,5156
3582110,45.47948958,-122.62047096,"2024-04-22 21:05:48.000000",,,57.3237915039062,,5156
3582111,45.47948942,-122.62046997,"2024-04-22 21:05:57.000000",,,57.32275390625,,5156
3582112,45.47948952,-122.62046965,"2024-04-22 21:06:06.000000",,,57.294189453125,,5156
3582113,45.47948927,-122.62046935,"2024-04-22 21:06:15.000000",,,57.2002563476562,,5156
3582114,45.47948922,-122.62046934,"2024-04-22 21:06:23.000000",,,57.1945190429687,,5156
3582115,45.47948917,-122.62046935,"2024-04-22 21:06:31.000000",,,57.199462890625,,5156
3582116,45.47948917,-122.62046933,"2024-04-22 21:06:42.000000",,,57.1983642578125,,5156
3582117,45.47948917,-122.62046931,"2024-04-22 21:06:53.000000",,,57.1974487304687,,5156
3582118,45.47948549,-122.6204609,"2024-04-22 21:07:16.000000",,,56.488525390625,,5156
3582119,45.47948526,-122.62046076,"2024-04-22 21:07:29.000000",,,56.4575805664062,,5156
3582120,45.47948526,-122.62046075,"2024-04-22 21:07:44.000000",,,56.458984375,,5156
3582121,45.47948548,-122.62046036,"2024-04-22 21:08:03.000000",,,56.4133911132813,,5156
3582122,45.47948534,-122.62046017,"2024-04-22 21:08:15.000000",,,56.2297973632812,,5156
3582123,45.47948534,-122.62046016,"2024-04-22 21:08:28.000000",,,56.2244262695312,,5156
3582124,45.47948447,-122.62046117,"2024-04-22 21:08:42.000000",,,56.2201538085937,,5156
3582125,45.47948428,-122.62046073,"2024-04-22 21:08:55.000000",,,56.1507568359375,,5156
3582126,45.47948139,-122.62045529,"2024-04-22 21:09:17.000000",,,55.301513671875,,5156
3582127,45.47948136,-122.62045531,"2024-04-22 21:09:31.000000",,,55.2996826171875,,5156
3582128,45.47948113,-122.62045528,"2024-04-22 21:09:41.000000",,,55.1842651367187,,5156
3582129,45.47948091,-122.62045531,"2024-04-22 21:09:54.000000",,,55.1177368164062,,5156
3582130,45.47948091,-122.62045531,"2024-04-22 21:10:06.000000",,,55.1173706054687,,5156
3582131,45.47948103,-122.62045424,"2024-04-22 21:10:21.000000",,,55.087890625,,5156
3582132,45.47948105,-122.62045418,"2024-04-22 21:10:39.000000",,,55.0971069335937,,5156
3582133,45.47948112,-122.6204539,"2024-04-22 21:10:59.000000",,,55.0916137695312,,5156
3582134,45.47948111,-122.62045389,"2024-04-22 21:11:13.000000",,,55.08837890625,,5156
3582135,45.47948106,-122.62045377,"2024-04-22 21:11:33.000000",,,55.0914916992187,,5156
3582136,45.47948102,-122.62045375,"2024-04-22 21:11:45.000000",,,55.0855102539062,,5156
3582137,45.47948091,-122.62045351,"2024-04-22 21:11:57.000000",,,55.0968627929688,,5156
3582138,45.47948089,-122.62045352,"2024-04-22 21:12:09.000000",,,55.09521484375,,5156
3582139,45.4794809,-122.62045328,"2024-04-22 21:12:22.000000",,,55.1036987304687,,5156
3582140,45.47948071,-122.62045267,"2024-04-22 21:12:36.000000",,,55.1404418945312,,5156
3582141,45.47948056,-122.62045217,"2024-04-22 21:12:54.000000",,,55.1716918945312,,5156
3582142,45.47948012,-122.62045227,"2024-04-22 21:13:12.000000",,,55.2167358398437,,5156
3582143,45.47948,-122.62045235,"2024-04-22 21:13:31.000000",,,55.233154296875,,5156
3582144,45.47947999,-122.62045225,"2024-04-22 21:13:47.000000",,,55.2379150390625,,5156
3582145,45.47947844,-122.62045027,"2024-04-22 21:14:15.000000",,,54.4879760742187,,5156
3582146,45.47947843,-122.62045024,"2024-04-22 21:14:25.000000",,,54.4817504882812,,5156
3582147,45.4794783,-122.62044981,"2024-04-22 21:14:34.000000",,,54.3922729492187,,5156
3582148,45.47947832,-122.62044969,"2024-04-22 21:14:42.000000",,,54.383544921875,,5156
3582149,45.47947825,-122.62044962,"2024-04-22 21:15:01.000000",,,54.3629150390625,,5156
3582150,45.47947858,-122.62044922,"2024-04-22 21:15:22.000000",,,54.2250366210937,,5156
3582151,45.47948027,-122.62044251,"2024-04-22 21:15:51.000000",,,53.3040771484375,,5156
3582152,45.47947998,-122.62044278,"2024-04-22 21:16:15.000000",,,53.1240844726562,,5156
3582153,45.47947888,-122.62044156,"2024-04-22 21:16:35.000000",,,52.7415161132813,,5156
3582154,45.47947888,-122.62044162,"2024-04-22 21:16:49.000000",,,52.7387084960937,,5156
3582155,45.47947909,-122.62044156,"2024-04-22 21:17:07.000000",,,52.7139892578125,,5156
3582156,45.47947909,-122.62044156,"2024-04-22 21:17:17.000000",,,52.7138061523437,,5156
3582157,45.47947909,-122.62044155,"2024-04-22 21:17:31.000000",,,52.7129516601562,,5156
3582158,45.47947909,-122.62044155,"2024-04-22 21:17:44.000000",,,52.7127685546875,,5156
3582159,45.4794791,-122.62044155,"2024-04-22 21:17:55.000000",,,52.7144165039062,,5156
3582160,45.47947903,-122.62044157,"2024-04-22 21:18:05.000000",,,52.6782836914062,,5156
3582161,45.47947903,-122.62044155,"2024-04-22 21:18:15.000000",,,52.6752319335937,,5156
3582162,45.47947812,-122.62043396,"2024-04-22 21:18:24.000000",,,52.030029296875,,5156
3582163,45.47947813,-122.62043394,"2024-04-22 21:18:34.000000",,,52.0299072265625,,5156
3582164,45.47947797,-122.62043393,"2024-04-22 21:18:44.000000",,,52.0023803710938,,5156
3582165,45.47947798,-122.62043392,"2024-04-22 21:18:54.000000",,,52.0017700195313,,5156
3582166,45.47947755,-122.62043407,"2024-04-22 21:19:02.000000",,,51.8976440429687,,5156
3582167,45.47947756,-122.62043409,"2024-04-22 21:19:11.000000",,,51.9220581054687,,5156
3582168,45.47947755,-122.6204341,"2024-04-22 21:19:18.000000",,,51.9241943359375,,5156
3582169,45.47947755,-122.6204341,"2024-04-22 21:19:27.000000",,,51.9232788085937,,5156
3582170,45.47947755,-122.62043408,"2024-04-22 21:19:38.000000",,,51.9229125976562,,5156
3582171,45.47947762,-122.62043409,"2024-04-22 21:19:46.000000",,,51.9349365234375,,5156
3582172,45.47947762,-122.62043408,"2024-04-22 21:19:55.000000",,,51.9345092773437,,5156
3582173,45.47947762,-122.62043407,"2024-04-22 21:20:11.000000",,,51.9343872070312,,5156
3582174,45.47947763,-122.62043405,"2024-04-22 21:20:21.000000",,,51.932861328125,,5156
3582175,45.47947763,-122.62043405,"2024-04-22 21:20:35.000000",,,51.930419921875,,5156
3582176,45.47947747,-122.62043334,"2024-04-22 21:20:43.000000",,,51.8325805664062,,5156
3582177,45.47947739,-122.6204312,"2024-04-22 21:20:51.000000",,,51.72705078125,,5156
3582178,45.47947757,-122.62042968,"2024-04-22 21:20:59.000000",,,51.6502685546875,,5156
3582179,45.47947708,-122.62043099,"2024-04-22 21:21:08.000000",,,51.7417602539063,,5156
3582180,45.47947705,-122.62043245,"2024-04-22 21:21:16.000000",,,51.8452758789062,,5156
3582181,45.47947716,-122.62043115,"2024-04-22 21:21:23.000000",,,51.7830810546875,,5156
3582182,45.47947716,-122.62043115,"2024-04-22 21:21:34.000000",,,51.7843017578125,,5156
3582183,45.47947717,-122.62043118,"2024-04-22 21:21:51.000000",,,51.7190551757812,,5156
3582184,45.47947717,-122.62043118,"2024-04-22 21:22:02.000000",,,51.7171020507812,,5156
3582185,45.47947717,-122.62043115,"2024-04-22 21:22:18.000000",,,51.7153930664062,,5156
3582186,45.47947709,-122.62043118,"2024-04-22 21:22:38.000000",,,51.7084350585937,,5156
3582187,45.47947707,-122.62043117,"2024-04-22 21:22:53.000000",,,51.7044677734375,,5156
3582188,45.47947683,-122.62043003,"2024-04-22 21:23:11.000000",,,51.391357421875,,5156
3582189,45.47947692,-122.62042957,"2024-04-22 21:23:22.000000",,,51.4102172851562,,5156
3582190,45.47947691,-122.62042951,"2024-04-22 21:23:32.000000",,,51.3995971679687,,5156
3582191,45.47947714,-122.62042655,"2024-04-22 21:23:43.000000",,,51.2661743164062,,5156
3582192,45.47947759,-122.620422,"2024-04-22 21:23:53.000000",,,51.0678100585937,,5156
3582193,45.47947729,-122.62041614,"2024-04-22 21:24:01.000000",,,50.75537109375,,5156
3582194,45.47947683,-122.62041371,"2024-04-22 21:24:10.000000",,,50.5501708984375,,5156
3582195,45.4794768,-122.62041281,"2024-04-22 21:24:18.000000",,,50.4375,,5156
3582196,45.47947711,-122.62040927,"2024-04-22 21:24:27.000000",,,50.2332763671875,,5156
3582197,45.47947727,-122.62040826,"2024-04-22 21:24:36.000000",,,50.1689453125,,5156
3582198,45.47947744,-122.62040773,"2024-04-22 21:24:44.000000",,,50.193115234375,,5156
3582199,45.47947763,-122.62040719,"2024-04-22 21:24:52.000000",,,50.2100830078125,,5156
3582200,45.47947756,-122.62040747,"2024-04-22 21:25:00.000000",,,50.2459106445312,,5156
3582201,45.47947771,-122.62040707,"2024-04-22 21:25:08.000000",,,50.1744995117187,,5156
3582202,45.4794772,-122.62040699,"2024-04-22 21:25:17.000000",,,49.8926391601562,,5156
3582203,45.4794775,-122.62040612,"2024-04-22 21:25:25.000000",,,49.6914672851562,,5156
3582204,45.4794773,-122.62040594,"2024-04-22 21:25:33.000000",,,49.477783203125,,5156
3582205,45.47947729,-122.62040592,"2024-04-22 21:25:41.000000",,,49.454345703125,,5156
3582206,45.47947723,-122.62040558,"2024-04-22 21:25:50.000000",,,49.4505615234375,,5156
3582207,45.47947717,-122.62040561,"2024-04-22 21:25:59.000000",,,49.4158325195312,,5156
3582208,45.47947706,-122.62040662,"2024-04-22 21:26:08.000000",,,49.2387084960938,,5156
3582209,45.47947685,-122.62040661,"2024-04-22 21:26:17.000000",,,49.138671875,,5156
3582210,45.47947689,-122.62040674,"2024-04-22 21:26:27.000000",,,49.1671142578125,,5156
3582211,45.47947682,-122.62040677,"2024-04-22 21:26:35.000000",,,49.1163940429687,,5156
3582212,45.4794767,-122.62040633,"2024-04-22 21:26:44.000000",,,48.934814453125,,5156
3582213,45.47947681,-122.6204063,"2024-04-22 21:26:55.000000",,,48.9553833007812,,5156
3582214,45.47947687,-122.62040656,"2024-04-22 21:27:03.000000",,,48.9225463867188,,5156
3582215,45.47947732,-122.62040336,"2024-04-22 21:27:13.000000",,,48.4484252929687,,5156
3582216,45.47947647,-122.62040179,"2024-04-22 21:27:25.000000",,,47.7593994140625,,5156
3582217,45.47947612,-122.6204,"2024-04-22 21:27:35.000000",,,47.82763671875,,5156
3582218,45.47947632,-122.62039763,"2024-04-22 21:27:46.000000",,,47.7257080078125,,5156
3582219,45.47947615,-122.6203969,"2024-04-22 21:27:55.000000",,,47.6917724609375,,5156
3582220,45.47947608,-122.62039566,"2024-04-22 21:28:03.000000",,,47.5267333984375,,5156
3582221,45.47947608,-122.62039521,"2024-04-22 21:28:12.000000",,,47.4863891601563,,5156
3582222,45.47947615,-122.62039554,"2024-04-22 21:28:22.000000",,,47.49755859375,,5156
3582223,45.47947613,-122.62039527,"2024-04-22 21:28:31.000000",,,47.4855346679687,,5156
3582224,45.47947609,-122.62039427,"2024-04-22 21:28:40.000000",,,47.5696411132812,,5156
3582225,45.47947606,-122.62039385,"2024-04-22 21:28:49.000000",,,47.577880859375,,5156
3582226,45.47947583,-122.62039289,"2024-04-22 21:29:00.000000",,,47.574951171875,,5156
3582227,45.4794759,-122.62039263,"2024-04-22 21:29:10.000000",,,47.71533203125,,5156
3582228,45.47947572,-122.62039347,"2024-04-22 21:29:20.000000",,,47.6197509765625,,5156
3582229,45.47947476,-122.62039128,"2024-04-22 21:29:31.000000",,,47.3470458984375,,5156
3582230,45.4794737,-122.62038918,"2024-04-22 21:29:42.000000",,,47.0345458984375,,5156
3582231,45.47947391,-122.62039047,"2024-04-22 21:29:53.000000",,,46.9751586914062,,5156
3582232,45.47947392,-122.62039047,"2024-04-22 21:29:59.573000",,,46.9736938476563,,5156
3582233,45.47947374,-122.62038965,"2024-04-22 21:30:10.000000",,,46.8983154296875,,5156
3582234,45.47947324,-122.62038909,"2024-04-22 21:30:18.000000",,,46.8526000976562,,5156
3582235,45.47947324,-122.62038971,"2024-04-22 21:30:25.000000",,,46.8953247070312,,5156
3582236,45.47947288,-122.62039022,"2024-04-22 21:30:32.000000",,,46.9434814453125,,5156
3582237,45.47947289,-122.6203902,"2024-04-22 21:30:39.000000",,,46.9419555664063,,5156
3582238,45.47947289,-122.62039021,"2024-04-22 21:30:48.000000",,,46.94091796875,,5156
3582239,45.47947289,-122.62039021,"2024-04-22 21:30:59.000000",,,46.9403686523437,,5156
3582240,45.47947358,-122.62038818,"2024-04-22 21:31:07.000000",,,46.48291015625,,5156
3582241,45.47947359,-122.62038835,"2024-04-22 21:31:12.686000",,,46.493896484375,,5156
3582242,45.4794736,-122.62038834,"2024-04-22 21:31:22.000000",,,46.4935913085937,,5156
3582243,45.47947381,-122.62038762,"2024-04-22 21:31:30.000000",,,46.4285888671875,,5156
3582244,45.47947389,-122.6203874,"2024-04-22 21:31:38.000000",,,46.3755493164063,,5156
3582245,45.4794746,-122.6203859,"2024-04-22 21:31:46.000000",,,46.1860961914062,,5156
3582246,45.47947597,-122.62038253,"2024-04-22 21:31:52.739000",,,45.8329467773438,,5156
3582247,45.47947597,-122.6203818,"2024-04-22 21:32:02.000000",,,45.838134765625,,5156
3582248,45.47947598,-122.6203818,"2024-04-22 21:32:14.000000",,,45.8384399414063,,5156
3582249,45.47947599,-122.62038183,"2024-04-22 21:32:24.000000",,,45.8448486328125,,5156
3582250,45.47947613,-122.62038184,"2024-04-22 21:32:35.000000",,,45.8883666992187,,5156
3582251,45.47947594,-122.62038189,"2024-04-22 21:32:45.000000",,,45.874267578125,,5156
3582252,45.47947598,-122.62038239,"2024-04-22 21:32:56.000000",,,45.8597412109375,,5156
3582253,45.479476,-122.62038279,"2024-04-22 21:33:04.000000",,,45.850341796875,,5156
3582254,45.47947604,-122.62038243,"2024-04-22 21:33:12.000000",,,45.9243774414062,,5156
3582255,45.47947589,-122.62038202,"2024-04-22 21:33:22.000000",,,45.9277954101562,,5156
3582256,45.4794757,-122.62038153,"2024-04-22 21:33:33.000000",,,45.9320068359375,,5156
3582257,45.47947568,-122.62038112,"2024-04-22 21:33:43.000000",,,45.9404296875,,5156
3582258,45.4794757,-122.62038111,"2024-04-22 21:33:52.000000",,,45.9380493164062,,5156
3582259,45.4794757,-122.62038111,"2024-04-22 21:34:01.000000",,,45.939453125,,5156
3582260,45.47947587,-122.6203804,"2024-04-22 21:34:10.000000",,,45.8809204101562,,5156
3582261,45.47947588,-122.62038039,"2024-04-22 21:34:21.000000",,,45.88037109375,,5156
3582262,45.47947579,-122.62037989,"2024-04-22 21:34:32.000000",,,45.824462890625,,5156
3582263,45.47947645,-122.62038051,"2024-04-22 21:34:42.000000",,,45.970458984375,,5156
3582264,45.47947644,-122.62038053,"2024-04-22 21:34:53.000000",,,45.9723510742187,,5156
3582265,45.47947644,-122.62038053,"2024-04-22 21:35:04.000000",,,45.9715576171875,,5156
3582266,45.47947643,-122.62038053,"2024-04-22 21:35:16.000000",,,45.9696655273438,,5156
3582267,45.47947646,-122.62038087,"2024-04-22 21:35:34.000000",,,45.986083984375,,5156
3582268,45.47947651,-122.62038083,"2024-04-22 21:35:48.000000",,,45.9889526367187,,5156
3582269,45.47947654,-122.62038067,"2024-04-22 21:35:58.000000",,,45.9664916992187,,5156
3582270,45.47947655,-122.62038066,"2024-04-22 21:36:09.000000",,,45.9649658203125,,5156
3582271,45.47947654,-122.62038067,"2024-04-22 21:36:19.000000",,,45.9674072265625,,5156
3582272,45.47947652,-122.6203807,"2024-04-22 21:36:30.000000",,,45.9708251953125,,5156
3582273,45.47947652,-122.62038069,"2024-04-22 21:36:41.000000",,,45.969482421875,,5156
3582274,45.47947643,-122.62038074,"2024-04-22 21:36:51.000000",,,45.8720092773438,,5156
3582275,45.47947643,-122.62038074,"2024-04-22 21:37:02.000000",,,45.8701171875,,5156
3582276,45.47947669,-122.62038064,"2024-04-22 21:37:14.000000",,,45.93017578125,,5156
3582277,45.47947706,-122.62038197,"2024-04-22 21:37:25.000000",,,46.2166748046875,,5156
3582278,45.47947705,-122.62038196,"2024-04-22 21:37:35.000000",,,46.2156982421875,,5156
3582279,45.47947697,-122.62038235,"2024-04-22 21:37:44.000000",,,46.2965698242187,,5156
3582280,45.47947683,-122.6203822,"2024-04-22 21:37:55.000000",,,46.392333984375,,5156
3582281,45.47947778,-122.62038052,"2024-04-22 21:38:04.000000",,,46.0997314453125,,5156
3582282,45.47947798,-122.62038034,"2024-04-22 21:38:13.000000",,,45.9798583984375,,5156
3582283,45.47947798,-122.62038034,"2024-04-22 21:38:22.000000",,,45.9791870117187,,5156
3582284,45.47947797,-122.62038034,"2024-04-22 21:38:31.000000",,,45.97705078125,,5156
3582285,45.47947797,-122.62038034,"2024-04-22 21:38:40.000000",,,45.9764404296875,,5156
3582286,45.47947797,-122.62038034,"2024-04-22 21:38:50.000000",,,45.9757690429688,,5156
3582287,45.47947803,-122.62038028,"2024-04-22 21:39:36.000000",,,45.9529418945312,,5156
3582288,45.47947806,-122.62038024,"2024-04-22 21:39:47.000000",,,45.9476318359375,,5156
3582289,45.47947806,-122.62038024,"2024-04-22 21:39:58.000000",,,45.9473266601562,,5156
3582290,45.47947808,-122.62038023,"2024-04-22 21:40:08.000000",,,45.9442138671875,,5156
3582291,45.47947807,-122.62038024,"2024-04-22 21:40:17.000000",,,45.9454956054687,,5156
3582292,45.47947797,-122.62038076,"2024-04-22 21:40:25.000000",,,45.999755859375,,5156
3582293,45.47947797,-122.62038077,"2024-04-22 21:40:33.000000",,,46.002685546875,,5156
3582294,45.47947822,-122.62038098,"2024-04-22 21:40:41.000000",,,46.1908569335937,,5156
3582295,45.47947816,-122.62038121,"2024-04-22 21:40:49.000000",,,46.2222900390625,,5156
3582296,45.47947812,-122.62038147,"2024-04-22 21:40:58.000000",,,46.2640380859375,,5156
3582297,45.47947808,-122.62038169,"2024-04-22 21:41:06.000000",,,46.287109375,,5156
3582298,45.47947796,-122.62038252,"2024-04-22 21:41:14.000000",,,46.379638671875,,5156
3582299,45.47947795,-122.62038254,"2024-04-22 21:41:22.000000",,,46.3842163085937,,5156
3582300,45.47947795,-122.62038255,"2024-04-22 21:41:29.000000",,,46.385498046875,,5156
3582301,45.47947794,-122.62038255,"2024-04-22 21:41:38.000000",,,46.3868408203125,,5156
3582302,45.47947798,-122.62038351,"2024-04-22 21:41:49.000000",,,46.4246215820312,,5156
3582303,45.47947804,-122.62038332,"2024-04-22 21:41:57.000000",,,46.4083251953125,,5156
3582304,45.47947805,-122.62038333,"2024-04-22 21:42:05.000000",,,46.40966796875,,5156
3582305,45.47947804,-122.62038335,"2024-04-22 21:42:13.000000",,,46.4125366210937,,5156
3582306,45.4795821,-122.620734,"2024-04-22 21:42:19.250000",,,,,5156
3582307,45.47947834,-122.62038316,"2024-04-22 21:42:26.000000",,,46.3993530273438,,5156
3582308,45.47947842,-122.62038305,"2024-04-22 21:42:34.000000",,,46.392333984375,,5156
3582309,45.47947842,-122.62038306,"2024-04-22 21:42:41.000000",,,46.3936767578125,,5156
3582310,45.47947801,-122.62038385,"2024-04-22 21:42:49.000000",,,46.4010620117187,,5156
3582311,45.47947801,-122.62038385,"2024-04-22 21:42:56.000000",,,46.4015502929687,,5156
3582312,45.4794778,-122.62038426,"2024-04-22 21:43:04.000000",,,46.4351196289062,,5156
3582313,45.47947781,-122.62038445,"2024-04-22 21:43:11.000000",,,46.4475708007813,,5156
3582314,45.47947761,-122.62038476,"2024-04-22 21:43:19.000000",,,46.440673828125,,5156
3582315,45.47947761,-122.62038476,"2024-04-22 21:43:27.000000",,,46.438232421875,,5156
3582316,45.47947763,-122.62038476,"2024-04-22 21:43:35.000000",,,46.4255981445313,,5156
3582317,45.47947766,-122.62038476,"2024-04-22 21:43:43.000000",,,46.4028930664062,,5156
3582318,45.47947777,-122.62038476,"2024-04-22 21:43:52.000000",,,46.2928466796875,,5156
3582319,45.47947779,-122.62038491,"2024-04-22 21:43:59.000000",,,46.294677734375,,5156
3582320,45.4794778,-122.62038481,"2024-04-22 21:44:10.000000",,,46.2801513671875,,5156
3582321,45.47947772,-122.62038497,"2024-04-22 21:44:21.000000",,,46.333251953125,,5156
3582322,45.47947782,-122.62038515,"2024-04-22 21:44:33.000000",,,46.2879028320312,,5156
3582323,45.47947783,-122.6203853,"2024-04-22 21:44:43.000000",,,46.2826538085937,,5156
3582324,45.47947791,-122.62038533,"2024-04-22 21:44:55.000000",,,46.240966796875,,5156
3582325,45.47947775,-122.62038542,"2024-04-22 21:45:05.000000",,,46.3089599609375,,5156
3582326,45.47947787,-122.62038545,"2024-04-22 21:45:16.000000",,,46.2335815429687,,5156
3582327,45.47947783,-122.62038549,"2024-04-22 21:45:26.000000",,,46.2567749023437,,5156
3582328,45.47947795,-122.62038542,"2024-04-22 21:45:36.000000",,,46.2694702148437,,5156
3582329,45.47947804,-122.6203842,"2024-04-22 21:46:19.000000",,,46.128662109375,,5156
3582330,45.47947809,-122.62038376,"2024-04-22 21:46:32.000000",,,46.0698852539062,,5156
3582331,45.47947874,-122.62038402,"2024-04-22 21:46:45.000000",,,46.1671142578125,,5156
3582332,45.4794787,-122.62038398,"2024-04-22 21:46:53.000000",,,46.1743774414062,,5156
3582333,45.47947869,-122.62038419,"2024-04-22 21:47:00.000000",,,46.2058715820313,,5156
3582334,45.47947894,-122.62038429,"2024-04-22 21:47:13.000000",,,46.2434692382812,,5156
3582335,45.4794799,-122.62038349,"2024-04-22 21:47:22.000000",,,46.188232421875,,5156
3582336,45.47947997,-122.62038418,"2024-04-22 21:47:29.000000",,,46.2095947265625,,5156
3582337,45.47947996,-122.62038419,"2024-04-22 21:47:37.000000",,,46.2105102539062,,5156
3582338,45.47948058,-122.62038404,"2024-04-22 21:47:45.000000",,,46.122314453125,,5156
3582339,45.47948059,-122.62038414,"2024-04-22 21:47:53.000000",,,46.1268310546875,,5156
3582340,45.47948057,-122.62038414,"2024-04-22 21:48:00.000000",,,46.1268920898437,,5156
3582341,45.4794805,-122.62038441,"2024-04-22 21:48:08.000000",,,46.1817016601562,,5156
3582342,45.47948051,-122.62038455,"2024-04-22 21:48:18.000000",,,46.1912841796875,,5156
3582343,45.47948051,-122.62038457,"2024-04-22 21:48:28.000000",,,46.186767578125,,5156
3582344,45.47948073,-122.62038449,"2024-04-22 21:48:38.000000",,,46.1829223632812,,5156
3582345,45.479583,-122.6207332,"2024-04-22 21:48:46.308000",,,,,5156
3582346,45.47948073,-122.62038528,"2024-04-22 21:48:54.000000",,,46.234619140625,,5156
3582347,45.47948075,-122.62038525,"2024-04-22 21:49:01.000000",,,46.2311401367187,,5156
3582348,45.47948071,-122.62038465,"2024-04-22 21:49:10.000000",,,46.1964111328125,,5156
3582349,45.47948072,-122.62038466,"2024-04-22 21:49:21.000000",,,46.1964721679687,,5156
3582350,45.47948111,-122.62038442,"2024-04-22 21:49:29.000000",,,46.13916015625,,5156
3582351,45.47948107,-122.62038455,"2024-04-22 21:49:38.000000",,,46.1185302734375,,5156
3582352,45.47948044,-122.6203861,"2024-04-22 21:49:45.000000",,,46.2496337890625,,5156
3582353,45.47948042,-122.62038616,"2024-04-22 21:49:52.000000",,,46.2591552734375,,5156
3582354,45.47948034,-122.62038672,"2024-04-22 21:49:59.000000",,,46.3588256835937,,5156
3582355,45.47948029,-122.62038679,"2024-04-22 21:50:06.000000",,,46.3789672851562,,5156
3582356,45.47948033,-122.62038661,"2024-04-22 21:50:14.000000",,,46.3413696289063,,5156
3582357,45.47948033,-122.62038661,"2024-04-22 21:50:25.000000",,,46.3419799804688,,5156
3582358,45.4795844,-122.6206904,"2024-04-22 21:50:36.547000",,,,,5156
3582359,45.4794801,-122.62038777,"2024-04-22 21:50:46.000000",,,46.459228515625,,5156
3582360,45.47948009,-122.62038778,"2024-04-22 21:50:56.000000",,,46.4615478515625,,5156
3582361,45.47948013,-122.62038763,"2024-04-22 21:51:08.000000",,,46.451171875,,5156
3582362,45.47948124,-122.6203859,"2024-04-22 21:51:23.000000",,,46.1663818359375,,5156
3582363,45.4795786,-122.6206437,"2024-04-22 21:51:38.949000",,,,,5156
3582364,45.47948219,-122.62038448,"2024-04-22 21:51:49.000000",,,45.9315795898437,,5156
3582365,45.4795785,-122.6206744,"2024-04-22 21:51:59.388000",,,,,5156
3582366,45.4795837,-122.6207107,"2024-04-22 21:52:20.194000",,,,,5156
3582367,45.47948297,-122.62038412,"2024-04-22 21:52:27.000000",,,45.9880981445312,,5156
3582368,45.47948305,-122.62038391,"2024-04-22 21:52:36.000000",,,45.9911499023437,,5156
3582369,45.47948274,-122.62038453,"2024-04-22 21:52:45.000000",,,45.998046875,,5156
3582370,45.47948264,-122.62038479,"2024-04-22 21:52:54.000000",,,45.9910888671875,,5156
3582371,45.479583,-122.6208262,"2024-04-22 21:53:00.274000",,,,,5156
3582372,45.47948264,-122.62038485,"2024-04-22 21:53:10.000000",,,45.9832763671875,,5156
3582373,45.47948276,-122.6203849,"2024-04-22 21:53:21.000000",,,46.0026245117188,,5156
3582374,45.47948279,-122.62038494,"2024-04-22 21:53:31.000000",,,45.9796142578125,,5156
3582375,45.47948286,-122.62038497,"2024-04-22 21:53:43.000000",,,45.99072265625,,5156
3582376,45.4794831,-122.62038508,"2024-04-22 21:53:54.000000",,,46.0325317382813,,5156
3582377,45.4794831,-122.62038509,"2024-04-22 21:54:03.000000",,,46.0341796875,,5156
3582378,45.47948305,-122.62038494,"2024-04-22 21:54:13.000000",,,46.0349731445313,,5156
3582379,45.47948313,-122.62038573,"2024-04-22 21:54:24.000000",,,46.0924072265625,,5156
3582380,45.47948339,-122.62038669,"2024-04-22 21:54:35.000000",,,46.107666015625,,5156
3582381,45.4794833,-122.62038851,"2024-04-22 21:54:47.000000",,,46.3551635742187,,5156
3582382,45.47948377,-122.62038999,"2024-04-22 21:54:56.000000",,,46.466552734375,,5156
3582383,45.47948398,-122.62039167,"2024-04-22 21:55:03.000000",,,46.592529296875,,5156
3582384,45.47948386,-122.62039282,"2024-04-22 21:55:13.000000",,,46.6345825195312,,5156
3582385,45.47948403,-122.62039273,"2024-04-22 21:55:20.000000",,,46.6588134765625,,5156
3582386,45.47948366,-122.62039271,"2024-04-22 21:55:41.000000",,,46.7418212890625,,5156
3582387,45.47948339,-122.62039291,"2024-04-22 21:55:59.000000",,,46.7824096679687,,5156
3582388,45.47948227,-122.62039403,"2024-04-22 21:56:17.000000",,,46.9103393554687,,5156
3582389,45.47948223,-122.62039404,"2024-04-22 21:56:28.000000",,,46.9035034179688,,5156
3582390,45.47948223,-122.6203941,"2024-04-22 21:56:38.000000",,,46.9171142578125,,5156
3582391,45.47948232,-122.62039368,"2024-04-22 21:56:49.000000",,,46.8426513671875,,5156
3582392,45.47948202,-122.62039455,"2024-04-22 21:57:00.000000",,,47.0643920898437,,5156
3582393,45.47948185,-122.62039562,"2024-04-22 21:57:11.000000",,,47.21630859375,,5156
3582394,45.47948176,-122.62039502,"2024-04-22 21:57:21.000000",,,47.1724853515625,,5156
3582395,45.47948171,-122.62039532,"2024-04-22 21:57:31.000000",,,47.21728515625,,5156
3582396,45.47948357,-122.62039293,"2024-04-22 21:57:39.000000",,,46.940185546875,,5156
3582397,45.47948338,-122.62039309,"2024-04-22 21:57:47.000000",,,46.9266967773438,,5156
3582398,45.47948355,-122.62039399,"2024-04-22 21:57:55.000000",,,46.9418334960937,,5156
3582399,45.47948087,-122.62039472,"2024-04-22 21:58:03.000000",,,47.1963500976562,,5156
3582400,45.47948017,-122.62039602,"2024-04-22 21:58:11.000000",,,47.4437255859375,,5156
3582401,45.4795819,-122.6207163,"2024-04-22 21:58:18.545000",,,,,5156
3582402,45.47948022,-122.62039644,"2024-04-22 21:58:29.000000",,,47.4634399414062,,5156
3582403,45.47948036,-122.62039626,"2024-04-22 21:58:51.000000",,,47.4334106445312,,5156
3582404,45.47948037,-122.62039625,"2024-04-22 21:59:02.000000",,,47.4331665039062,,5156
3582405,45.47948037,-122.62039625,"2024-04-22 21:59:11.000000",,,47.4332275390625,,5156
3582406,45.47948037,-122.62039625,"2024-04-22 21:59:18.000000",,,47.43359375,,5156
3582407,45.47948026,-122.6203964,"2024-04-22 21:59:27.000000",,,47.4215087890625,,5156
3582408,45.47948007,-122.62039634,"2024-04-22 21:59:35.000000",,,47.3895263671875,,5156
3582409,45.47948065,-122.62039535,"2024-04-22 21:59:43.000000",,,47.33251953125,,5156
3582410,45.47948057,-122.62039538,"2024-04-22 21:59:50.000000",,,47.3244018554687,,5156
3582411,45.47948009,-122.62039559,"2024-04-22 21:59:58.000000",,,47.3049926757812,,5156
3582412,45.47948005,-122.62039561,"2024-04-22 22:00:05.000000",,,47.3037109375,,5156
3582413,45.47948005,-122.62039561,"2024-04-22 22:00:12.000000",,,47.3035278320312,,5156
3582414,45.47947994,-122.62039579,"2024-04-22 22:00:21.000000",,,47.3172607421875,,5156
3582415,45.47947998,-122.62039578,"2024-04-22 22:00:30.000000",,,47.3245239257812,,5156
3582416,45.47948001,-122.62039609,"2024-04-22 22:00:38.000000",,,47.3385009765625,,5156
3582417,45.47948002,-122.62039607,"2024-04-22 22:00:46.000000",,,47.3383178710937,,5156
3582418,45.47948002,-122.62039606,"2024-04-22 22:00:54.000000",,,47.3370361328125,,5156
3582419,45.47948005,-122.62039602,"2024-04-22 22:01:03.000000",,,47.3313598632813,,5156
3582420,45.47948002,-122.62039606,"2024-04-22 22:01:12.000000",,,47.3363037109375,,5156
3582421,45.47948,-122.62039608,"2024-04-22 22:01:21.000000",,,47.3380737304688,,5156
3582422,45.47947998,-122.62039608,"2024-04-22 22:01:32.000000",,,47.3412475585937,,5156
3582423,45.47947996,-122.6203961,"2024-04-22 22:01:42.000000",,,47.3524780273437,,5156
3582424,45.47947996,-122.62039609,"2024-04-22 22:01:51.000000",,,47.3519287109375,,5156
3582425,45.47947997,-122.62039609,"2024-04-22 22:02:02.000000",,,47.3526611328125,,5156
3582426,45.47947999,-122.6203967,"2024-04-22 22:02:11.000000",,,47.3836669921875,,5156
3582427,45.47947993,-122.62039689,"2024-04-22 22:02:20.000000",,,47.4154052734375,,5156
3582428,45.47947989,-122.6203974,"2024-04-22 22:02:28.000000",,,47.40234375,,5156
3582429,45.47947978,-122.62039792,"2024-04-22 22:02:36.000000",,,47.47705078125,,5156
3582430,45.4794798,-122.6203979,"2024-04-22 22:02:45.000000",,,47.4761352539062,,5156
3582431,45.47947949,-122.62039823,"2024-04-22 22:02:55.000000",,,47.4639892578125,,5156
3582432,45.47947988,-122.62039755,"2024-04-22 22:03:04.000000",,,47.415771484375,,5156
3582433,45.47947986,-122.62039757,"2024-04-22 22:03:12.000000",,,47.416748046875,,5156
3582434,45.47947987,-122.62039757,"2024-04-22 22:03:24.000000",,,47.4169311523437,,5156
3582435,45.47947988,-122.62039756,"2024-04-22 22:03:34.000000",,,47.416748046875,,5156
3582436,45.47947989,-122.62039754,"2024-04-22 22:03:43.000000",,,47.41552734375,,5156
3582437,45.4794799,-122.62039755,"2024-04-22 22:03:56.000000",,,47.4168090820313,,5156
3582438,45.47947991,-122.62039754,"2024-04-22 22:04:14.000000",,,47.4078979492187,,5156
3582439,45.47947992,-122.62039753,"2024-04-22 22:04:30.000000",,,47.408203125,,5156
3582440,45.47947992,-122.62039753,"2024-04-22 22:04:48.000000",,,47.407958984375,,5156
3582441,45.47947985,-122.62039756,"2024-04-22 22:05:00.000000",,,47.388427734375,,5156
3582442,45.47947975,-122.62039761,"2024-04-22 22:05:12.000000",,,47.3731079101562,,5156
3582443,45.47947976,-122.62039756,"2024-04-22 22:05:30.000000",,,47.3743896484375,,5156
3582444,45.47947974,-122.62039754,"2024-04-22 22:05:46.000000",,,47.3788452148437,,5156
3582445,45.47947975,-122.62039759,"2024-04-22 22:05:57.000000",,,47.3740844726563,,5156
3582446,45.47947974,-122.62039755,"2024-04-22 22:06:08.000000",,,47.3759155273438,,5156
3582447,45.4794795,-122.62039777,"2024-04-22 22:06:20.000000",,,47.3994140625,,5156
3582448,45.47947949,-122.62039765,"2024-04-22 22:06:34.000000",,,47.4063720703125,,5156
3582449,45.47947949,-122.62039751,"2024-04-22 22:06:47.000000",,,47.4142456054687,,5156
3582450,45.4794795,-122.62039762,"2024-04-22 22:07:00.000000",,,47.4071655273437,,5156
3582451,45.47947966,-122.62039761,"2024-04-22 22:07:19.000000",,,47.3368530273438,,5156
3582452,45.47947957,-122.62039774,"2024-04-22 22:07:32.000000",,,47.3500366210937,,5156
3582453,45.47947957,-122.62039774,"2024-04-22 22:07:44.000000",,,47.3500366210937,,5156
3582454,45.4794796,-122.6203977,"2024-04-22 22:07:55.000000",,,47.346435546875,,5156
3582455,45.4794797,-122.62039748,"2024-04-22 22:08:07.000000",,,47.3345947265625,,5156
3582456,45.4794797,-122.62039746,"2024-04-22 22:08:20.000000",,,47.3346557617187,,5156
3582457,45.47947968,-122.62039737,"2024-04-22 22:08:33.000000",,,47.3418579101562,,5156
3582458,45.47947967,-122.62039728,"2024-04-22 22:08:47.000000",,,47.3465576171875,,5156
3582459,45.47947948,-122.6203982,"2024-04-22 22:08:57.000000",,,47.4555053710937,,5156
3582460,45.47947958,-122.62039797,"2024-04-22 22:09:07.000000",,,47.3995361328125,,5156
3582461,45.47947959,-122.62039793,"2024-04-22 22:09:17.000000",,,47.3907470703125,,5156
3582462,45.47947933,-122.62039832,"2024-04-22 22:09:27.000000",,,47.4708862304687,,5156
3582463,45.4794793,-122.6203984,"2024-04-22 22:09:36.000000",,,47.4886474609375,,5156
3582464,45.47947884,-122.62039909,"2024-04-22 22:10:05.000000",,,47.6168212890625,,5156
3582465,45.4795829,-122.6206785,"2024-04-22 22:10:27.467000",,,,,5156
3582466,45.47947944,-122.62039994,"2024-04-22 22:10:46.000000",,,47.6205444335937,,5156
3582467,45.47947968,-122.6204001,"2024-04-22 22:10:55.000000",,,47.58056640625,,5156
3582468,45.4794797,-122.62039994,"2024-04-22 22:11:04.000000",,,47.5721435546875,,5156
3582469,45.47947954,-122.62040058,"2024-04-22 22:11:14.000000",,,47.6650390625,,5156
3582470,45.4795791,-122.6207334,"2024-04-22 22:11:23.296000",,,,,5156
3582471,45.47947922,-122.62040084,"2024-04-22 22:11:39.000000",,,47.7047119140625,,5156
3582472,45.47947931,-122.62040059,"2024-04-22 22:11:50.000000",,,47.6388549804687,,5156
3582473,45.47947916,-122.62040111,"2024-04-22 22:12:04.000000",,,47.7174072265625,,5156
3582474,45.47947896,-122.62040137,"2024-04-22 22:12:22.000000",,,47.8284301757812,,5156
3582475,45.4795824,-122.6207333,"2024-04-22 22:12:32.710000",,,,,5156
3582476,45.4795835,-122.6207262,"2024-04-22 22:12:53.306000",,,,,5156
3582477,45.47947875,-122.62040252,"2024-04-22 22:13:10.000000",,,48.0057373046875,,5156
3582478,45.4795842,-122.6207121,"2024-04-22 22:13:28.301000",,,,,5156
3582479,45.47947864,-122.62040385,"2024-04-22 22:13:49.000000",,,48.115478515625,,5156
3582480,45.47947864,-122.62040386,"2024-04-22 22:14:06.000000",,,48.1173706054687,,5156
3582481,45.4795819,-122.6207122,"2024-04-22 22:14:16.981000",,,,,5156
3582482,45.4795834,-122.6207205,"2024-04-22 22:14:36.902000",,,,,5156
3582483,45.47947849,-122.62040531,"2024-04-22 22:14:54.000000",,,48.2977905273437,,5156
3582484,45.47947824,-122.62040557,"2024-04-22 22:15:17.000000",,,48.3580322265625,,5156
3582485,45.47947781,-122.62040617,"2024-04-22 22:15:39.000000",,,48.513427734375,,5156
3582486,45.47947743,-122.62040717,"2024-04-22 22:15:59.000000",,,48.7167358398437,,5156
3582487,45.47947727,-122.62040777,"2024-04-22 22:16:17.000000",,,48.8667602539062,,5156
3582488,45.47947745,-122.62040751,"2024-04-22 22:16:43.000000",,,48.8684692382812,,5156
3582489,45.4794774,-122.62040766,"2024-04-22 22:17:02.000000",,,48.8981323242188,,5156
3582490,45.47947735,-122.6204079,"2024-04-22 22:17:25.000000",,,48.9812622070312,,5156
3582491,45.47947706,-122.62040847,"2024-04-22 22:18:14.000000",,,49.1245727539063,,5156
3582492,45.4795837,-122.6207362,"2024-04-22 22:18:28.181000",,,,,5156
3582493,45.4795834,-122.620731,"2024-04-22 22:18:47.469000",,,,,5156
3582494,45.47947726,-122.62040908,"2024-04-22 22:19:05.000000",,,49.1845092773437,,5156
3582495,45.47947733,-122.62040922,"2024-04-22 22:19:26.000000",,,49.1834106445312,,5156
3582496,45.47947745,-122.6204091,"2024-04-22 22:19:50.000000",,,49.1671752929687,,5156
3582497,45.47947767,-122.6204088,"2024-04-22 22:20:23.000000",,,49.17822265625,,5156
3582498,45.47947765,-122.62040881,"2024-04-22 22:20:40.000000",,,49.1774291992187,,5156
3582499,45.4795829,-122.6206782,"2024-04-22 22:20:48.024000",,,,,5156
3582500,45.47947804,-122.62040907,"2024-04-22 22:21:10.000000",,,49.2122192382812,,5156
3582501,45.47947819,-122.62040875,"2024-04-22 22:21:26.000000",,,49.1314086914062,,5156
3582502,45.47947822,-122.62040894,"2024-04-22 22:21:43.000000",,,49.1367797851563,,5156
3582503,45.47947835,-122.6204087,"2024-04-22 22:22:01.000000",,,49.0712280273437,,5156
3582504,45.47947893,-122.6204081,"2024-04-22 22:22:22.000000",,,48.9668579101562,,5156
3582505,45.47947881,-122.62040824,"2024-04-22 22:22:42.000000",,,48.9746704101562,,5156
3582506,45.47947883,-122.62040807,"2024-04-22 22:23:00.000000",,,48.9116821289062,,5156
3582507,45.47947883,-122.62040807,"2024-04-22 22:23:19.000000",,,48.911376953125,,5156
3582508,45.47947883,-122.62040806,"2024-04-22 22:23:51.000000",,,48.909423828125,,5156
3582509,45.4794788,-122.62040815,"2024-04-22 22:24:19.000000",,,48.9473266601562,,5156
3582510,45.4795835,-122.6207097,"2024-04-22 22:24:27.916000",,,,,5156
3582511,45.47947893,-122.62040856,"2024-04-22 22:24:43.000000",,,48.9461059570312,,5156
3582512,45.47947883,-122.62040877,"2024-04-22 22:24:56.000000",,,48.9985961914062,,5156
3582513,45.4795841,-122.6206753,"2024-04-22 22:25:04.054000",,,,,5156
3582514,45.47947888,-122.62040865,"2024-04-22 22:25:23.000000",,,48.9625244140625,,5156
3582515,45.47947889,-122.62040857,"2024-04-22 22:25:43.000000",,,48.975830078125,,5156
3582516,45.47947893,-122.6204085,"2024-04-22 22:26:01.000000",,,48.9590454101562,,5156
3582517,45.47947893,-122.6204085,"2024-04-22 22:26:17.000000",,,48.9596557617187,,5156
3582518,45.47947893,-122.6204085,"2024-04-22 22:26:32.000000",,,48.9598388671875,,5156
3582519,45.4794788,-122.62040857,"2024-04-22 22:26:51.000000",,,48.969482421875,,5156
3582520,45.4794789,-122.62040857,"2024-04-22 22:27:11.000000",,,48.96875,,5156
3582521,45.4794789,-122.62040857,"2024-04-22 22:27:27.000000",,,48.968505859375,,5156
3582522,45.47947898,-122.62040859,"2024-04-22 22:27:43.000000",,,48.9747924804687,,5156
3582523,45.47947901,-122.62040859,"2024-04-22 22:28:00.000000",,,48.9773559570312,,5156
3582524,45.47947911,-122.62040861,"2024-04-22 22:28:16.000000",,,48.9846801757812,,5156
3582525,45.47947909,-122.62040873,"2024-04-22 22:28:35.000000",,,48.9735107421875,,5156
3582526,45.47947915,-122.62040864,"2024-04-22 22:28:55.000000",,,48.98681640625,,5156
3582527,45.47947912,-122.62040865,"2024-04-22 22:29:07.000000",,,48.9830322265625,,5156
3582528,45.47947921,-122.62040862,"2024-04-22 22:29:21.000000",,,48.9942626953125,,5156
3582529,45.47947918,-122.62040864,"2024-04-22 22:29:36.000000",,,48.9874267578125,,5156
3582530,45.47947918,-122.62040864,"2024-04-22 22:29:49.000000",,,48.9872436523438,,5156
3582531,45.47947918,-122.62040864,"2024-04-22 22:30:00.000000",,,48.9882202148437,,5156
3582532,45.47947917,-122.62040866,"2024-04-22 22:30:11.000000",,,48.99072265625,,5156
3582533,45.47947921,-122.62040861,"2024-04-22 22:30:30.000000",,,48.9830322265625,,5156
3582534,45.47947922,-122.62040861,"2024-04-22 22:30:45.000000",,,48.982421875,,5156
3582535,45.47947931,-122.62040857,"2024-04-22 22:31:08.000000",,,48.9985961914062,,5156
3582536,45.47947932,-122.62040857,"2024-04-22 22:31:27.000000",,,49.0152587890625,,5156
3582537,45.47947928,-122.62040852,"2024-04-22 22:32:11.000000",,,49.0145263671875,,5156
3582538,45.47948004,-122.62040891,"2024-04-22 22:32:57.000000",,,49.3640747070312,,5156
3582539,45.47947999,-122.62040887,"2024-04-22 22:33:21.000000",,,49.430908203125,,5156
3582540,45.47948322,-122.6204074,"2024-04-22 22:33:42.000000",,,49.439453125,,5156
3582541,45.4794825,-122.62040718,"2024-04-22 22:33:49.000000",,,49.1347045898437,,5156
3582542,45.47948247,-122.62040694,"2024-04-22 22:33:56.000000",,,49.1005249023437,,5156
3582543,45.4794825,-122.62040689,"2024-04-22 22:34:01.626000",,,49.0867919921875,,5156
3582544,45.4795836,-122.6207195,"2024-04-22 22:34:12.910000",,,,,5156
3582545,45.47948241,-122.62040764,"2024-04-22 22:34:20.000000",,,49.151123046875,,5156
3582546,45.47948248,-122.62040754,"2024-04-22 22:34:29.000000",,,49.135498046875,,5156
3582547,45.47948262,-122.6204073,"2024-04-22 22:34:39.000000",,,49.100830078125,,5156
3582548,45.47948263,-122.62040728,"2024-04-22 22:34:48.000000",,,49.0986328125,,5156
3582549,45.47948236,-122.62040767,"2024-04-22 22:34:57.000000",,,49.161376953125,,5156
3582550,45.47948244,-122.62040749,"2024-04-22 22:35:06.000000",,,49.151123046875,,5156
3582551,45.47948239,-122.6204076,"2024-04-22 22:35:15.000000",,,49.1566772460937,,5156
3582552,45.47948212,-122.62040802,"2024-04-22 22:35:25.000000",,,49.2348022460937,,5156
3582553,45.47948228,-122.62040772,"2024-04-22 22:35:35.000000",,,49.21923828125,,5156
3582554,45.47948253,-122.62040728,"2024-04-22 22:35:44.000000",,,49.1788330078125,,5156
3582555,45.47948267,-122.620407,"2024-04-22 22:35:53.000000",,,49.1759643554687,,5156
3582556,45.47948271,-122.62040689,"2024-04-22 22:36:02.000000",,,49.1907958984375,,5156
3582557,45.47948333,-122.62040511,"2024-04-22 22:36:12.000000",,,49.0554809570312,,5156
3582558,45.47948369,-122.62040452,"2024-04-22 22:36:20.000000",,,48.9915161132813,,5156
3582559,45.47948381,-122.62040355,"2024-04-22 22:36:29.000000",,,48.9415283203125,,5156
3582560,45.4794839,-122.62040343,"2024-04-22 22:36:37.000000",,,48.9591674804688,,5156
3582561,45.4794841,-122.62040317,"2024-04-22 22:36:45.000000",,,48.9334716796875,,5156
3582562,45.47948453,-122.6204027,"2024-04-22 22:36:54.000000",,,49.0233154296875,,5156
3582563,45.479485,-122.62040187,"2024-04-22 22:37:02.000000",,,49.0105590820312,,5156
3582564,45.47948545,-122.62040133,"2024-04-22 22:37:10.000000",,,48.926513671875,,5156
3582565,45.47948524,-122.62040162,"2024-04-22 22:37:19.000000",,,49.0245361328125,,5156
3582566,45.47948538,-122.62040129,"2024-04-22 22:37:28.000000",,,48.995361328125,,5156
3582567,45.47948539,-122.62040128,"2024-04-22 22:37:37.000000",,,48.9940795898437,,5156
3582568,45.47948521,-122.6204016,"2024-04-22 22:37:51.000000",,,49.0236206054687,,5156
3582569,45.47948546,-122.62040153,"2024-04-22 22:37:59.000000",,,49.0904541015625,,5156
3582570,45.47948546,-122.62040153,"2024-04-22 22:38:08.000000",,,49.0899658203125,,5156
3582571,45.47948546,-122.62040153,"2024-04-22 22:38:16.000000",,,49.0905151367187,,5156
3582572,45.47948547,-122.62040152,"2024-04-22 22:38:27.000000",,,49.090087890625,,5156
3582573,45.47948514,-122.62040216,"2024-04-22 22:38:38.000000",,,49.142333984375,,5156
3582574,45.47948518,-122.62040208,"2024-04-22 22:38:53.000000",,,49.1358032226562,,5156
3582575,45.47948518,-122.62040208,"2024-04-22 22:39:07.000000",,,49.1353759765625,,5156
3582576,45.47948518,-122.62040208,"2024-04-22 22:39:18.000000",,,49.1351928710937,,5156
3582577,45.47948513,-122.62040217,"2024-04-22 22:39:29.000000",,,49.1482543945312,,5156
3582578,45.47948513,-122.62040217,"2024-04-22 22:39:40.000000",,,49.1494750976562,,5156
3582579,45.47948513,-122.62040217,"2024-04-22 22:39:52.000000",,,49.1493530273437,,5156
3582580,45.47948513,-122.62040218,"2024-04-22 22:40:05.000000",,,49.1502685546875,,5156
3582581,45.47948518,-122.6204021,"2024-04-22 22:40:20.000000",,,49.141357421875,,5156
3582582,45.47948516,-122.62040213,"2024-04-22 22:40:34.000000",,,49.143310546875,,5156
3582583,45.47948538,-122.62040165,"2024-04-22 22:40:54.000000",,,49.087890625,,5156
3582584,45.47948539,-122.62040164,"2024-04-22 22:41:10.000000",,,49.086669921875,,5156
3582585,45.4794855,-122.62040147,"2024-04-22 22:41:21.000000",,,49.0671997070313,,5156
3582586,45.47948553,-122.62040139,"2024-04-22 22:41:32.000000",,,49.0667114257812,,5156
3582587,45.47948584,-122.62040089,"2024-04-22 22:41:39.000000",,,49.0112915039062,,5156
3582588,45.47948633,-122.6204004,"2024-04-22 22:41:46.000000",,,48.9749145507812,,5156
3582589,45.47948633,-122.62040039,"2024-04-22 22:41:55.000000",,,48.9749755859375,,5156
3582590,45.47948653,-122.62040002,"2024-04-22 22:42:04.000000",,,48.9578857421875,,5156
3582591,45.47948679,-122.62039954,"2024-04-22 22:42:14.000000",,,48.9329223632813,,5156
3582592,45.4794868,-122.62039953,"2024-04-22 22:42:23.000000",,,48.9310913085938,,5156
3582593,45.47948685,-122.62039943,"2024-04-22 22:42:33.000000",,,48.92626953125,,5156
3582594,45.47948668,-122.62039938,"2024-04-22 22:42:41.000000",,,48.87890625,,5156
3582595,45.47948667,-122.62039938,"2024-04-22 22:42:48.000000",,,48.8768310546875,,5156
3582596,45.47948686,-122.62039893,"2024-04-22 22:42:56.000000",,,48.8143310546875,,5156
3582597,45.47948681,-122.62039898,"2024-04-22 22:43:05.000000",,,48.8175048828125,,5156
3582598,45.47948679,-122.62039901,"2024-04-22 22:43:15.000000",,,48.8153076171875,,5156
3582599,45.47948597,-122.62039923,"2024-04-22 22:43:26.000000",,,48.704345703125,,5156
3582600,45.47948597,-122.62039923,"2024-04-22 22:43:36.000000",,,48.703857421875,,5156
3582601,45.47948589,-122.62039906,"2024-04-22 22:43:45.000000",,,48.6552124023438,,5156
3582602,45.47948596,-122.62039893,"2024-04-22 22:43:55.000000",,,48.6437377929687,,5156
3582603,45.4794856,-122.6203995,"2024-04-22 22:44:05.000000",,,48.6098022460937,,5156
3582604,45.47948526,-122.62039998,"2024-04-22 22:44:14.000000",,,48.6712036132812,,5156
3582605,45.47948542,-122.6203997,"2024-04-22 22:44:28.000000",,,48.6569213867187,,5156
3582606,45.47948541,-122.6203997,"2024-04-22 22:44:44.000000",,,48.6568603515625,,5156
3582607,45.47948542,-122.62039968,"2024-04-22 22:44:56.000000",,,48.6567993164062,,5156
3582608,45.47948542,-122.62039968,"2024-04-22 22:45:09.000000",,,48.6566772460937,,5156
3582609,45.47948542,-122.62039968,"2024-04-22 22:45:19.000000",,,48.65673828125,,5156
3582610,45.47948537,-122.6203998,"2024-04-22 22:45:29.000000",,,48.66015625,,5156
3582611,45.47948535,-122.62039972,"2024-04-22 22:45:39.000000",,,48.6534423828125,,5156
3582612,45.47948535,-122.62039971,"2024-04-22 22:45:48.000000",,,48.653564453125,,5156
3582613,45.47948599,-122.62039896,"2024-04-22 22:45:57.000000",,,48.7759399414062,,5156
3582614,45.47948589,-122.62039951,"2024-04-22 22:46:04.000000",,,48.8131713867187,,5156
3582615,45.47948607,-122.62039975,"2024-04-22 22:46:12.000000",,,48.8310546875,,5156
3582616,45.47948607,-122.62039975,"2024-04-22 22:46:20.000000",,,48.8317260742187,,5156
3582617,45.47948607,-122.62039976,"2024-04-22 22:46:30.000000",,,48.8314208984375,,5156
3582618,45.47948658,-122.62039967,"2024-04-22 22:46:42.000000",,,48.8264770507812,,5156
3582619,45.47948691,-122.62039957,"2024-04-22 22:46:53.000000",,,48.7947387695312,,5156
3582620,45.47948696,-122.62039956,"2024-04-22 22:47:02.000000",,,48.7876586914063,,5156
3582621,45.47948684,-122.62039968,"2024-04-22 22:47:12.000000",,,48.80078125,,5156
3582622,45.47948676,-122.62039969,"2024-04-22 22:47:22.000000",,,48.8197021484375,,5156
3582623,45.47948704,-122.62040021,"2024-04-22 22:47:30.000000",,,48.7927856445312,,5156
3582624,45.47948572,-122.62040207,"2024-04-22 22:47:36.671000",,,48.9562377929687,,5156
3582625,45.47948516,-122.62040229,"2024-04-22 22:47:44.694000",,,48.9285888671875,,5156
3582626,45.47948522,-122.62040214,"2024-04-22 22:47:52.719000",,,48.9352416992187,,5156
3582627,45.47948486,-122.62040176,"2024-04-22 22:47:59.713000",,,49.1368408203125,,5156
3582628,45.4794852,-122.62040191,"2024-04-22 22:48:08.000000",,,49.0659790039063,,5156
3582629,45.4794852,-122.62040191,"2024-04-22 22:48:16.000000",,,49.0650634765625,,5156
3582630,45.47948533,-122.62040197,"2024-04-22 22:48:24.000000",,,49.0963134765625,,5156
3582631,45.47948531,-122.62040214,"2024-04-22 22:48:32.000000",,,49.0980834960937,,5156
3582632,45.47948555,-122.6204024,"2024-04-22 22:48:40.000000",,,49.152099609375,,5156
3582633,45.47948589,-122.62040231,"2024-04-22 22:48:46.692000",,,49.2357788085937,,5156
3582634,45.47948641,-122.62040216,"2024-04-22 22:48:54.000000",,,49.259765625,,5156
3582635,45.4794865,-122.62040216,"2024-04-22 22:49:01.000000",,,49.2850952148438,,5156
3582636,45.47948635,-122.62040229,"2024-04-22 22:49:09.000000",,,49.30419921875,,5156
3582637,45.47948636,-122.62040228,"2024-04-22 22:49:17.000000",,,49.3035888671875,,5156
3582638,45.47948636,-122.62040228,"2024-04-22 22:49:25.000000",,,49.3036499023437,,5156
3582639,45.47948636,-122.62040228,"2024-04-22 22:49:33.000000",,,49.3034057617188,,5156
3582640,45.47948638,-122.62040227,"2024-04-22 22:49:42.000000",,,49.3024291992187,,5156
3582641,45.47948662,-122.62040248,"2024-04-22 22:49:51.000000",,,49.2265625,,5156
3582642,45.47948693,-122.62040256,"2024-04-22 22:49:59.000000",,,49.138671875,,5156
3582643,45.47948684,-122.62040186,"2024-04-22 22:50:05.682000",,,49.0253295898437,,5156
3582644,45.47948629,-122.62040129,"2024-04-22 22:50:13.701000",,,48.814208984375,,5156
3582645,45.47948492,-122.62040089,"2024-04-22 22:50:21.696000",,,48.7279663085937,,5156
3582646,45.47948463,-122.62040118,"2024-04-22 22:50:29.694000",,,48.7155151367187,,5156
3582647,45.47948294,-122.62040226,"2024-04-22 22:50:37.707000",,,49.0661010742187,,5156
3582648,45.47948281,-122.62040219,"2024-04-22 22:50:45.700000",,,49.0394287109375,,5156
3582649,45.47948309,-122.62040207,"2024-04-22 22:50:52.720000",,,48.9769897460937,,5156
3582650,45.47948246,-122.62040256,"2024-04-22 22:50:59.697000",,,48.9625854492187,,5156
3582651,45.47948244,-122.62040255,"2024-04-22 22:51:07.708000",,,48.9675903320312,,5156
3582652,45.47948155,-122.62040383,"2024-04-22 22:51:15.704000",,,48.9248046875,,5156
3582653,45.47948108,-122.62040517,"2024-04-22 22:51:23.711000",,,49.03369140625,,5156
3582654,45.4794819,-122.62040443,"2024-04-22 22:51:33.000000",,,49.00244140625,,5156
3582655,45.47948196,-122.62040463,"2024-04-22 22:51:39.698000",,,48.9882202148437,,5156
3582656,45.47948167,-122.62040508,"2024-04-22 22:51:47.711000",,,49.0303344726562,,5156
3582657,45.47948098,-122.62040471,"2024-04-22 22:51:55.681000",,,49.0010986328125,,5156
3582658,45.4794807,-122.62040499,"2024-04-22 22:52:03.689000",,,49.0514526367187,,5156
3582659,45.4794806,-122.62040516,"2024-04-22 22:52:13.000000",,,49.0389404296875,,5156
3582660,45.47948035,-122.62040543,"2024-04-22 22:52:19.692000",,,49.0844116210937,,5156
3582661,45.47948056,-122.62040486,"2024-04-22 22:52:29.000000",,,49.0684204101563,,5156
3582662,45.47947663,-122.62040712,"2024-04-22 22:52:37.000000",,,49.0392456054687,,5156
3582663,45.47947643,-122.62040693,"2024-04-22 22:52:45.000000",,,49.0975952148437,,5156
3582664,45.4795757,-122.6206668,"2024-04-22 22:52:51.739000",,,,,5156
3582665,45.47947585,-122.62040734,"2024-04-22 22:52:56.310000",,,49.240478515625,,5156
3582666,45.4794739,-122.6204081,"2024-04-22 22:53:02.507000",,,49.4615478515625,,5156
3582667,45.4794712,-122.62040969,"2024-04-22 22:53:08.685000",,,49.6295166015625,,5156
3582668,45.47933934,-122.62035079,"2024-04-22 22:53:14.868000",,,50.6155395507812,,5156
3582669,45.47933265,-122.62040909,"2024-04-22 22:53:21.065000",,,48.1068115234375,,5156
3582670,45.4795712,-122.6205847,"2024-04-22 22:53:30.121000",,,,,5156
3582671,45.47932541,-122.62028259,"2024-04-22 22:53:36.705000",,,54.6400146484375,,5156
3582672,45.47929827,-122.62039048,"2024-04-22 22:53:44.701000",,,47.2666015625,,5156
3582673,45.47927246,-122.62037131,"2024-04-22 22:53:52.709000",,,51.9240112304687,,5156
3582674,45.47927919,-122.62018887,"2024-04-22 22:53:59.724000",,,61.9866943359375,,5156
3582675,45.47927986,-122.62018234,"2024-04-22 22:54:07.000000",,,52.971923828125,,5156
3582676,45.479295,-122.62022915,"2024-04-22 22:54:12.684000",,,59.6466064453125,,5156
3582677,45.47928791,-122.62021932,"2024-04-22 22:54:18.875000",,,59.2758178710937,,5156
3582678,45.47929541,-122.62024821,"2024-04-22 22:54:25.087000",,,51.2421875,,5156
3582679,45.47931543,-122.62029113,"2024-04-22 22:54:31.274000",,,51.18896484375,,5156
3582680,45.47936776,-122.62039344,"2024-04-22 22:54:39.000000",,,50.8460693359375,,5156
3582681,45.47923046,-122.62017966,"2024-04-22 22:54:44.690000",,,51.9143676757812,,5156
3582682,45.47927392,-122.62020704,"2024-04-22 22:54:50.882000",,,47.6521606445312,,5156
3582683,45.47928038,-122.62021536,"2024-04-22 22:54:57.062000",,,47.9266357421875,,5156
3582684,45.4795831,-122.6207229,"2024-04-22 22:55:04.636000",,,,,5156
3582685,45.4792584,-122.62011834,"2024-04-22 22:55:09.176000",,,48.6849975585937,,5156
3582686,45.47926264,-122.62020069,"2024-04-22 22:55:16.000000",,,40.5711669921875,,5156
3582687,45.4792561,-122.6202718,"2024-04-22 22:55:21.686000",,,46.3233642578125,,5156
3582688,45.47920306,-122.62032553,"2024-04-22 22:55:27.876000",,,42.3392944335938,,5156
3582689,45.47932338,-122.62043843,"2024-04-22 22:55:35.000000",,,36.2332763671875,,5156
3582690,45.4791305,-122.62047313,"2024-04-22 22:55:40.711000",,,42.7720947265625,,5156
3582691,45.47912329,-122.62052732,"2024-04-22 22:55:46.870000",,,48.1803588867188,,5156
3582692,45.4791926,-122.6204759,"2024-04-22 22:55:54.000000",,,58.5186157226562,,5156
3582693,45.47931741,-122.6204178,"2024-04-22 22:56:01.000000",,,54.015380859375,,5156
3582694,45.47933504,-122.62042967,"2024-04-22 22:56:10.000000",,,54.6421508789063,,5156
3582695,45.47939142,-122.62042908,"2024-04-22 22:56:15.694000",,,48.890380859375,,5156
3582696,45.47932506,-122.62044503,"2024-04-22 22:56:22.689000",,,51.8775024414062,,5156
3582697,45.47927372,-122.62043361,"2024-04-22 22:56:29.010000",,,53.5829467773437,,5156
3582698,45.4794099,-122.62045229,"2024-04-22 22:56:36.707000",,,52.725341796875,,5156
3582699,45.47933886,-122.6205492,"2024-04-22 22:56:46.000000",,,66.3174438476562,,5156
3582700,45.47926301,-122.62041417,"2024-04-22 22:56:55.000000",,,66.501953125,,5156
3582701,45.47925085,-122.62038007,"2024-04-22 22:57:00.697000",,,61.8490600585937,,5156
3582702,45.47920734,-122.62038648,"2024-04-22 22:57:06.896000",,,53.8873901367187,,5156
3582703,45.47927531,-122.6203727,"2024-04-22 22:57:14.692000",,,57.0845947265625,,5156
3582704,45.47929629,-122.62040188,"2024-04-22 22:57:22.699000",,,53.430908203125,,5156
3582705,45.47924342,-122.62025438,"2024-04-22 22:57:30.709000",,,57.4131469726563,,5156
3582706,45.47925563,-122.6201641,"2024-04-22 22:57:40.000000",,,56.9851684570312,,5156
3582707,45.47936059,-122.61999918,"2024-04-22 22:57:46.681000",,,56.9204711914062,,5156
3582708,45.47934144,-122.62023632,"2024-04-22 22:57:56.000000",,,57.9774169921875,,5156
3582709,45.47937024,-122.62029975,"2024-04-22 22:58:01.689000",,,52.14794921875,,5156
3582710,45.47936466,-122.62028352,"2024-04-22 22:58:09.696000",,,57.1235961914062,,5156
3582711,45.4793527,-122.62027523,"2024-04-22 22:58:17.704000",,,53.823974609375,,5156
3582712,45.47935701,-122.62026804,"2024-04-22 22:58:25.688000",,,53.2879028320312,,5156
3582713,45.47935365,-122.62025962,"2024-04-22 22:58:33.686000",,,54.9601440429688,,5156
3582714,45.4793466,-122.62026985,"2024-04-22 22:58:41.693000",,,53.6494750976562,,5156
3582715,45.47934456,-122.62024394,"2024-04-22 22:58:49.694000",,,53.9520874023437,,5156
3582716,45.47934531,-122.62025266,"2024-04-22 22:58:57.691000",,,53.4730834960937,,5156
3582717,45.47934514,-122.62025284,"2024-04-22 22:59:05.000000",,,53.4938354492187,,5156
3582718,45.47934504,-122.62025299,"2024-04-22 22:59:10.682000",,,53.500244140625,,5156
3582719,45.47934527,-122.62025368,"2024-04-22 22:59:17.687000",,,53.4699096679687,,5156
3582720,45.47934469,-122.62025394,"2024-04-22 22:59:27.000000",,,53.1275634765625,,5156
3582721,45.47934329,-122.62025402,"2024-04-22 22:59:34.000000",,,52.87109375,,5156
3582722,45.47934448,-122.62025258,"2024-04-22 22:59:42.000000",,,54.1526489257813,,5156
3582723,45.47934219,-122.62025315,"2024-04-22 22:59:50.000000",,,53.24658203125,,5156
3582724,45.47934032,-122.62025359,"2024-04-22 22:59:58.000000",,,51.9682006835938,,5156
3582725,45.479337,-122.62025493,"2024-04-22 23:00:03.686000",,,51.8764038085937,,5156
3582726,45.47933486,-122.62025564,"2024-04-22 23:00:09.861000",,,52.0353393554688,,5156
3582727,45.47933106,-122.62025574,"2024-04-22 23:00:18.000000",,,51.9838256835937,,5156
3582728,45.47933776,-122.62025177,"2024-04-22 23:00:25.000000",,,52.312255859375,,5156
3582729,45.47934073,-122.62025606,"2024-04-22 23:00:30.696000",,,51.8704223632812,,5156
3582730,45.47934095,-122.62025629,"2024-04-22 23:00:37.930000",,,51.6458740234375,,5156
3582731,45.47934267,-122.62025881,"2024-04-22 23:00:46.000000",,,51.1813354492187,,5156
3582732,45.47934434,-122.62026137,"2024-04-22 23:00:51.726000",,,51.193359375,,5156
3582733,45.47934494,-122.62026408,"2024-04-22 23:00:57.909000",,,51.2532348632812,,5156
3582734,45.47934433,-122.62026394,"2024-04-22 23:01:04.082000",,,51.2818603515625,,5156
3582735,45.4793452,-122.62026879,"2024-04-22 23:01:12.000000",,,51.7102661132812,,5156
3582736,45.47934688,-122.62027421,"2024-04-22 23:01:19.000000",,,51.781494140625,,5156
3582737,45.47934718,-122.62027586,"2024-04-22 23:01:26.000000",,,51.9747314453125,,5156
3582738,45.47934754,-122.62027816,"2024-04-22 23:01:31.674000",,,52.052001953125,,5156
3582739,45.47935004,-122.62028119,"2024-04-22 23:01:38.676000",,,51.4794311523437,,5156
3582740,45.47935074,-122.62028637,"2024-04-22 23:01:45.557000",,,50.5717163085938,,5156
3582741,45.47934879,-122.62028614,"2024-04-22 23:01:51.768000",,,50.3958740234375,,5156
3582742,45.47935152,-122.6202839,"2024-04-22 23:01:58.706000",,,50.1446533203125,,5156
3582743,45.47935038,-122.62028061,"2024-04-22 23:02:08.000000",,,49.6032104492187,,5156
3582744,45.47935127,-122.62027966,"2024-04-22 23:02:16.000000",,,49.23291015625,,5156
3582745,45.47934528,-122.62027785,"2024-04-22 23:02:23.000000",,,50.58251953125,,5156
3582746,45.47934336,-122.62027917,"2024-04-22 23:02:28.686000",,,51.1796875,,5156
3582747,45.47934336,-122.62027677,"2024-04-22 23:02:36.000000",,,51.2026977539062,,5156
3582748,45.47934189,-122.62027539,"2024-04-22 23:02:41.667000",,,51.3591918945312,,5156
3582749,45.47934152,-122.62027635,"2024-04-22 23:02:47.852000",,,51.192626953125,,5156
3582750,45.47934249,-122.62027736,"2024-04-22 23:02:54.029000",,,50.6441650390625,,5156
3582751,45.47934431,-122.62027832,"2024-04-22 23:03:00.207000",,,51.4710083007812,,5156
3582752,45.47934528,-122.62027898,"2024-04-22 23:03:07.000000",,,51.1624145507812,,5156
3582753,45.47934626,-122.62028014,"2024-04-22 23:03:12.674000",,,51.2643432617187,,5156
3582754,45.47934645,-122.62028088,"2024-04-22 23:03:18.952000",,,51.391357421875,,5156
3582755,45.4793463,-122.62028061,"2024-04-22 23:03:25.697000",,,52.5537719726562,,5156
3582756,45.4793459,-122.62027777,"2024-04-22 23:03:33.692000",,,52.7804565429687,,5156
3582757,45.47934517,-122.62028233,"2024-04-22 23:03:41.701000",,,53.4209594726562,,5156
3582758,45.47934416,-122.62028479,"2024-04-22 23:03:48.053000",,,54.03369140625,,5156
3582759,45.47934004,-122.62029146,"2024-04-22 23:03:55.000000",,,53.9317016601563,,5156
3582760,45.47933864,-122.62029471,"2024-04-22 23:04:00.686000",,,54.020263671875,,5156
3582761,45.47933894,-122.6202955,"2024-04-22 23:04:07.685000",,,54.2075805664063,,5156
3582762,45.47933754,-122.62029365,"2024-04-22 23:04:14.704000",,,54.1875,,5156
3582763,45.47933886,-122.62028844,"2024-04-22 23:04:24.000000",,,54.1163940429687,,5156
3582764,45.47933601,-122.62028109,"2024-04-22 23:04:30.680000",,,53.712890625,,5156
3582765,45.47933599,-122.62027809,"2024-04-22 23:04:40.000000",,,53.3021240234375,,5156
3582766,45.47933753,-122.62027607,"2024-04-22 23:04:48.000000",,,53.025146484375,,5156
3582767,45.47933722,-122.62027639,"2024-04-22 23:04:56.000000",,,53.1680908203125,,5156
3582768,45.47933795,-122.62027178,"2024-04-22 23:05:01.679000",,,52.887939453125,,5156
3582769,45.47933708,-122.62027491,"2024-04-22 23:05:09.000000",,,52.9637451171875,,5156
3582770,45.47933629,-122.62027759,"2024-04-22 23:05:14.688000",,,53.0582885742188,,5156
3582771,45.47933428,-122.62028147,"2024-04-22 23:05:20.879000",,,52.9951782226562,,5156
3582772,45.47933436,-122.62028188,"2024-04-22 23:05:27.067000",,,52.8239135742188,,5156
3582773,45.47933509,-122.62028319,"2024-04-22 23:05:34.682000",,,52.75634765625,,5156
3582774,45.47933508,-122.62028832,"2024-04-22 23:05:44.000000",,,54.4154663085937,,5156
3582775,45.47933537,-122.62029073,"2024-04-22 23:05:52.000000",,,54.5059204101562,,5156
3582776,45.47933436,-122.62029217,"2024-04-22 23:05:58.695000",,,54.7340087890625,,5156
3582777,45.4793333,-122.62029194,"2024-04-22 23:06:04.978000",,,54.65625,,5156
3582778,45.47933267,-122.62029318,"2024-04-22 23:06:12.686000",,,54.7154541015625,,5156
3582779,45.47933288,-122.62029303,"2024-04-22 23:06:20.686000",,,54.6008911132812,,5156
3582780,45.47933412,-122.62029087,"2024-04-22 23:06:30.000000",,,54.0613403320312,,5156
3582781,45.4793336,-122.62029014,"2024-04-22 23:06:38.000000",,,53.913330078125,,5156
3582782,45.47933312,-122.62028836,"2024-04-22 23:06:44.690000",,,53.8966064453125,,5156
3582783,45.47933417,-122.62028425,"2024-04-22 23:06:52.694000",,,53.3240966796875,,5156
3582784,45.47933217,-122.62028461,"2024-04-22 23:06:59.704000",,,53.5592041015625,,5156
3582785,45.47933407,-122.62028265,"2024-04-22 23:07:09.000000",,,53.7509765625,,5156
3582786,45.4793309,-122.62028251,"2024-04-22 23:07:15.681000",,,53.8624267578125,,5156
3582787,45.47933163,-122.62028224,"2024-04-22 23:07:23.685000",,,53.945068359375,,5156
3582788,45.47933218,-122.62028293,"2024-04-22 23:07:31.684000",,,53.8285522460938,,5156
3582789,45.47933242,-122.62028309,"2024-04-22 23:07:37.974000",,,53.8291625976563,,5156
3582790,45.4793364,-122.62028558,"2024-04-22 23:07:44.152000",,,53.1941528320312,,5156
3582791,45.47933725,-122.62028482,"2024-04-22 23:07:50.300000",,,53.2849731445312,,5156
3582792,45.47933751,-122.6202841,"2024-04-22 23:07:56.491000",,,53.55615234375,,5156
3582793,45.47933666,-122.62028487,"2024-04-22 23:08:02.691000",,,53.5892333984375,,5156
3582794,45.47933821,-122.62028298,"2024-04-22 23:08:08.868000",,,53.4122924804688,,5156
3582795,45.47933797,-122.6202828,"2024-04-22 23:08:15.039000",,,53.446044921875,,5156
3582796,45.47933753,-122.6202828,"2024-04-22 23:08:22.732000",,,53.5801391601563,,5156
3582797,45.47933674,-122.6202816,"2024-04-22 23:08:32.000000",,,53.7752075195312,,5156
3582798,45.47933475,-122.62028117,"2024-04-22 23:08:40.000000",,,54.289794921875,,5156
3582799,45.47933392,-122.62028152,"2024-04-22 23:08:45.684000",,,54.4654541015625,,5156
3582800,45.47933288,-122.62028271,"2024-04-22 23:08:52.692000",,,54.37548828125,,5156
3582801,45.47933286,-122.620283,"2024-04-22 23:08:59.705000",,,54.3475341796875,,5156
3582802,45.47933287,-122.62028235,"2024-04-22 23:09:07.680000",,,54.4944458007813,,5156
3582803,45.47933357,-122.62028114,"2024-04-22 23:09:13.974000",,,54.228515625,,5156
3582804,45.4793339,-122.62028041,"2024-04-22 23:09:20.177000",,,54.2173461914063,,5156
3582805,45.47933629,-122.62027872,"2024-04-22 23:09:27.677000",,,54.2366333007812,,5156
3582806,45.47933358,-122.62027735,"2024-04-22 23:09:34.697000",,,54.2293701171875,,5156
3582807,45.47933216,-122.62027585,"2024-04-22 23:09:42.677000",,,54.1578979492187,,5156
3582808,45.47933223,-122.62027558,"2024-04-22 23:09:50.702000",,,54.161865234375,,5156
3582809,45.47933129,-122.62027561,"2024-04-22 23:09:58.682000",,,54.0474853515625,,5156
3582810,45.47932934,-122.62027271,"2024-04-22 23:10:06.688000",,,54.0394897460937,,5156
3582811,45.47932975,-122.6202725,"2024-04-22 23:10:14.687000",,,53.9988403320313,,5156
3582812,45.47933092,-122.62027264,"2024-04-22 23:10:21.692000",,,53.9291381835937,,5156
3582813,45.47933137,-122.62027272,"2024-04-22 23:10:29.674000",,,53.8275146484375,,5156
3582814,45.47933206,-122.62027296,"2024-04-22 23:10:37.695000",,,53.6203002929687,,5156
3582815,45.47933175,-122.62027405,"2024-04-22 23:10:45.689000",,,53.397216796875,,5156
3582816,45.47933173,-122.62027631,"2024-04-22 23:10:53.698000",,,53.0919799804687,,5156
3582817,45.47933143,-122.62027761,"2024-04-22 23:10:59.983000",,,52.9794921875,,5156
3582818,45.4793311,-122.62027784,"2024-04-22 23:11:06.109000",,,52.9757690429687,,5156
3582819,45.47933027,-122.62027821,"2024-04-22 23:11:12.270000",,,52.964599609375,,5156
3582820,45.47932982,-122.62027854,"2024-04-22 23:11:18.407000",,,52.9228515625,,5156
3582821,45.47932889,-122.62027899,"2024-04-22 23:11:24.565000",,,53.0332641601563,,5156
3582822,45.47932782,-122.6202814,"2024-04-22 23:11:30.706000",,,53.4865112304687,,5156
3582823,45.47932661,-122.620283,"2024-04-22 23:11:36.851000",,,53.7438354492187,,5156
3582824,45.47932705,-122.62028371,"2024-04-22 23:11:43.003000",,,53.6224975585937,,5156
3582825,45.47932758,-122.62028429,"2024-04-22 23:11:49.146000",,,53.6199951171875,,5156
3582826,45.47932812,-122.6202847,"2024-04-22 23:11:55.288000",,,53.5807495117188,,5156
3582827,45.47932817,-122.62028495,"2024-04-22 23:12:01.478000",,,53.25634765625,,5156
3582828,45.47932865,-122.62028598,"2024-04-22 23:12:07.647000",,,53.3473510742187,,5156
3582829,45.47932739,-122.6202862,"2024-04-22 23:12:13.844000",,,53.2575073242187,,5156
3582830,45.47932756,-122.62028611,"2024-04-22 23:12:21.000000",,,53.2811889648437,,5156
3582831,45.4793263,-122.62028633,"2024-04-22 23:12:28.000000",,,53.1183471679687,,5156
3582832,45.47932617,-122.6202863,"2024-04-22 23:12:33.681000",,,53.0111083984375,,5156
3582833,45.47932604,-122.62028647,"2024-04-22 23:12:39.869000",,,53.0005493164062,,5156
3582834,45.47932622,-122.6202866,"2024-04-22 23:12:46.032000",,,52.8846435546875,,5156
3582835,45.47932601,-122.6202867,"2024-04-22 23:12:52.210000",,,52.9667358398438,,5156
3582836,45.47932608,-122.62028666,"2024-04-22 23:12:58.390000",,,52.9050903320313,,5156
3582837,45.47932624,-122.62028663,"2024-04-22 23:13:07.000000",,,53.0407104492187,,5156
3582838,45.47932593,-122.62028694,"2024-04-22 23:13:13.692000",,,53.3515625,,5156
3582839,45.47932527,-122.62028749,"2024-04-22 23:13:21.692000",,,53.6270141601562,,5156
3582840,45.47932391,-122.62028726,"2024-04-22 23:13:29.676000",,,53.8680419921875,,5156
3582841,45.47932394,-122.62028742,"2024-04-22 23:13:37.140000",,,53.8126220703125,,5156
3582842,45.47932362,-122.62028774,"2024-04-22 23:13:46.000000",,,53.7695922851562,,5156
3582843,45.47932369,-122.62028793,"2024-04-22 23:13:52.692000",,,53.7781982421875,,5156
3582844,45.47932413,-122.6202879,"2024-04-22 23:13:59.710000",,,53.8438720703125,,5156
3582845,45.47932511,-122.62029025,"2024-04-22 23:14:05.987000",,,53.4711303710937,,5156
3582846,45.47932539,-122.6202916,"2024-04-22 23:14:13.693000",,,53.5393676757812,,5156
3582847,45.47932554,-122.62029157,"2024-04-22 23:14:20.553000",,,53.5662231445312,,5156
3582848,45.4793264,-122.62029188,"2024-04-22 23:14:30.000000",,,53.2900390625,,5156
3582849,45.47932709,-122.62029215,"2024-04-22 23:14:36.681000",,,53.2443237304687,,5156
3582850,45.4793289,-122.62029264,"2024-04-22 23:14:44.700000",,,52.83642578125,,5156
3582851,45.47933002,-122.62029326,"2024-04-22 23:14:52.692000",,,52.5955810546875,,5156
3582852,45.4793751,-122.6202439,"2024-04-22 23:14:59.688000",,,53.3995361328125,,5156
3582853,45.47943603,-122.62014037,"2024-04-22 23:15:09.000000",,,52.912353515625,,5156
3582854,45.47940482,-122.62020602,"2024-04-22 23:15:16.678000",,,52.988525390625,,5156
3582855,45.47926772,-122.620285,"2024-04-22 23:15:33.000000",,,56.428466796875,,5156
3582856,45.47936781,-122.62036289,"2024-04-22 23:15:43.000000",,,54.3703002929687,,5156
3582857,45.4796455,-122.62015694,"2024-04-22 23:16:00.000000",,,56.7916870117187,,5156
3582858,45.47970133,-122.62010922,"2024-04-22 23:16:14.000000",,,56.3304443359375,,5156
3582859,45.4797553,-122.61997118,"2024-04-22 23:16:26.000000",,,56.0700073242187,,5156
3582860,45.47985659,-122.61994626,"2024-04-22 23:16:38.000000",,,55.52783203125,,5156
3582861,45.47977029,-122.62008796,"2024-04-22 23:16:46.000000",,,53.5878295898437,,5156
3582862,45.47978842,-122.62016384,"2024-04-22 23:16:56.000000",,,52.4182739257812,,5156
3582863,45.47965869,-122.62041884,"2024-04-22 23:17:05.000000",,,46.88427734375,,5156
3582864,45.47966546,-122.6203961,"2024-04-22 23:17:14.000000",,,48.0654907226562,,5156
3582865,45.4796132,-122.62060383,"2024-04-22 23:17:27.000000",,,54.7283935546875,,5156
3582866,45.47965519,-122.62051572,"2024-04-22 23:17:38.000000",,,54.4074096679687,,5156
3582867,45.47961106,-122.62048607,"2024-04-22 23:17:47.000000",,,39.7706298828125,,5156
3582868,45.47956203,-122.62046114,"2024-04-22 23:17:56.000000",,,65.823486328125,,5156
3582869,45.47950511,-122.62040788,"2024-04-22 23:18:03.000000",,,59.9544677734375,,5156
3582870,45.47950582,-122.62034213,"2024-04-22 23:18:10.000000",,,59.3370971679687,,5156
3582871,45.47968077,-122.62064272,"2024-04-22 23:18:28.000000",,,73.2283935546875,,5156
3582872,45.47984655,-122.62084387,"2024-04-22 23:18:45.000000",,,73.3294067382812,,5156
3582873,45.47955963,-122.62049859,"2024-04-22 23:19:06.000000",,,68.8101806640625,,5156
3582874,45.4795908,-122.6202124,"2024-04-22 23:19:25.000000",,,66.8502807617187,,5156
3582875,45.47969721,-122.62038825,"2024-04-22 23:19:41.000000",,,66.8819580078125,,5156
3582876,45.47939491,-122.62034833,"2024-04-22 23:20:00.000000",,,65.4864501953125,,5156
3582877,45.47924317,-122.62049394,"2024-04-22 23:20:18.000000",,,68.4176025390625,,5156
3582878,45.47960623,-122.62032257,"2024-04-22 23:20:33.000000",,,68.99072265625,,5156
3582879,45.47944658,-122.6203007,"2024-04-22 23:20:42.000000",,,43.0625610351563,,5156
3582880,45.4795401,-122.62031356,"2024-04-22 23:20:51.000000",,,35.0098266601562,,5156
3582881,45.479525,-122.62033406,"2024-04-22 23:21:00.000000",,,34.2896728515625,,5156
3582882,45.47943009,-122.62030769,"2024-04-22 23:21:09.000000",,,37.4812622070312,,5156
3582883,45.47942879,-122.62043112,"2024-04-22 23:21:18.000000",,,38.4081420898437,,5156
3582884,45.47944736,-122.62053009,"2024-04-22 23:21:28.000000",,,38.0443725585937,,5156
3582885,45.47953892,-122.62061192,"2024-04-22 23:21:39.000000",,,37.4102172851562,,5156
3582886,45.47956292,-122.6206531,"2024-04-22 23:21:49.000000",,,37.4390258789062,,5156
3582887,45.47957616,-122.62064277,"2024-04-22 23:21:59.000000",,,36.4320068359375,,5156
3582888,45.47959451,-122.62052088,"2024-04-22 23:22:07.000000",,,33.6852416992187,,5156
3582889,45.479645,-122.62039013,"2024-04-22 23:22:16.000000",,,33.4317016601562,,5156
3582890,45.47968348,-122.62029583,"2024-04-22 23:22:27.000000",,,32.4473266601562,,5156
3582891,45.47964163,-122.6203562,"2024-04-22 23:22:41.000000",,,32.6842651367187,,5156
3582892,45.47967614,-122.62040755,"2024-04-22 23:22:56.000000",,,32.8948364257812,,5156
3582893,45.47965118,-122.620289,"2024-04-22 23:23:12.000000",,,33.3407592773437,,5156
3582894,45.47967639,-122.62031556,"2024-04-22 23:23:20.000000",,,46.9562377929687,,5156
3582895,45.4795834,-122.6207117,"2024-04-22 23:23:33.631000",,,,,5156
3582896,45.47959229,-122.62034987,"2024-04-22 23:23:52.000000",,,48.630859375,,5156
3582897,45.47978093,-122.62044014,"2024-04-22 23:24:10.000000",,,49.8274536132812,,5156
3582898,45.47968886,-122.62043351,"2024-04-22 23:24:20.000000",,,50.2302856445312,,5156
3582899,45.47960038,-122.62049394,"2024-04-22 23:24:27.000000",,,50.7713623046875,,5156
3582900,45.47960112,-122.62038152,"2024-04-22 23:24:35.000000",,,54.9146728515625,,5156
3582901,45.4796316,-122.62027645,"2024-04-22 23:24:42.000000",,,54.6865844726562,,5156
3582902,45.47962172,-122.62024376,"2024-04-22 23:24:53.000000",,,52.4701538085937,,5156
3582903,45.47961081,-122.62021096,"2024-04-22 23:25:04.000000",,,52.4847412109375,,5156
3582904,45.47961116,-122.62021136,"2024-04-22 23:25:12.000000",,,52.5360717773437,,5156
3582905,45.47954494,-122.62018098,"2024-04-22 23:25:21.000000",,,51.553466796875,,5156
3582906,45.47948776,-122.62015992,"2024-04-22 23:25:29.000000",,,50.6160278320312,,5156
3582907,45.47946418,-122.62015644,"2024-04-22 23:25:37.000000",,,50.8582763671875,,5156
3582908,45.4794638,-122.62016086,"2024-04-22 23:25:45.000000",,,50.934326171875,,5156
3582909,45.47946475,-122.62016493,"2024-04-22 23:25:52.000000",,,50.8502197265625,,5156
3582910,45.47946415,-122.62017385,"2024-04-22 23:26:00.000000",,,51.21826171875,,5156
3582911,45.47946488,-122.62017687,"2024-04-22 23:26:09.000000",,,51.1431274414062,,5156
3582912,45.4794654,-122.62017787,"2024-04-22 23:26:19.000000",,,51.1304321289062,,5156
3582913,45.47947103,-122.62018058,"2024-04-22 23:26:28.000000",,,49.2833251953125,,5156
3582914,45.47948329,-122.62018656,"2024-04-22 23:26:37.000000",,,48.0005493164062,,5156
3582915,45.47949302,-122.62019591,"2024-04-22 23:26:43.659000",,,47.8146362304687,,5156
3582916,45.47951278,-122.62019765,"2024-04-22 23:26:49.866000",,,45.450439453125,,5156
3582917,45.47951169,-122.62020207,"2024-04-22 23:27:00.000000",,,44.0582275390625,,5156
3582918,45.4795126,-122.62021223,"2024-04-22 23:27:08.000000",,,44.1534423828125,,5156
3582919,45.47951303,-122.62021609,"2024-04-22 23:27:15.000000",,,44.1337280273438,,5156
3582920,45.47951369,-122.62021868,"2024-04-22 23:27:22.000000",,,44.014404296875,,5156
3582921,45.47951753,-122.62022239,"2024-04-22 23:27:30.000000",,,42.191650390625,,5156
3582922,45.47951995,-122.62022718,"2024-04-22 23:27:40.000000",,,43.27001953125,,5156
3582923,45.47951986,-122.62024429,"2024-04-22 23:27:48.000000",,,43.9196166992187,,5156
3582924,45.4795207,-122.62026049,"2024-04-22 23:27:57.000000",,,43.8546752929687,,5156
3582925,45.47951843,-122.62026326,"2024-04-22 23:28:06.000000",,,45.6611938476562,,5156
3582926,45.47951607,-122.62026638,"2024-04-22 23:28:14.000000",,,45.95751953125,,5156
3582927,45.47951521,-122.62026943,"2024-04-22 23:28:23.000000",,,46.075927734375,,5156
3582928,45.47950022,-122.62035073,"2024-04-22 23:28:30.000000",,,50.1049194335937,,5156
3582929,45.47952448,-122.62035734,"2024-04-22 23:28:35.654000",,,49.8716430664063,,5156
3582930,45.4794914,-122.62036235,"2024-04-22 23:28:43.000000",,,47.0730590820312,,5156
3582931,45.47947449,-122.62037818,"2024-04-22 23:28:48.666000",,,46.0914916992187,,5156
3582932,45.47948288,-122.62038924,"2024-04-22 23:28:54.858000",,,50.4778442382812,,5156
3582933,45.47948883,-122.62039155,"2024-04-22 23:29:01.035000",,,50.2045288085937,,5156
3582934,45.47949408,-122.62039895,"2024-04-22 23:29:07.244000",,,48.773193359375,,5156
3582935,45.47949664,-122.6204064,"2024-04-22 23:29:13.395000",,,44.2572021484375,,5156
3582936,45.47949044,-122.62040611,"2024-04-22 23:29:19.593000",,,46.0338134765625,,5156
3582937,45.47948775,-122.62040864,"2024-04-22 23:29:25.776000",,,46.8516235351563,,5156
3582938,45.47948676,-122.62039689,"2024-04-22 23:29:31.960000",,,46.1107177734375,,5156
3582939,45.47948484,-122.62039842,"2024-04-22 23:29:38.163000",,,46.7674560546875,,5156
3582940,45.47947994,-122.62040212,"2024-04-22 23:29:44.349000",,,46.314453125,,5156
3582941,45.47948317,-122.62039368,"2024-04-22 23:29:50.555000",,,43.6630859375,,5156
3582942,45.47948553,-122.62040916,"2024-04-22 23:29:56.745000",,,40.8331909179687,,5156
3582943,45.47949831,-122.62038828,"2024-04-22 23:30:02.934000",,,35.8104248046875,,5156
3582944,45.47949684,-122.62038846,"2024-04-22 23:30:09.114000",,,35.4783935546875,,5156
3582945,45.47949414,-122.62038815,"2024-04-22 23:30:16.000000",,,36.6875,,5156
3582946,45.47949111,-122.62038755,"2024-04-22 23:30:23.000000",,,39.2101440429687,,5156
3582947,45.47948538,-122.62040091,"2024-04-22 23:30:28.664000",,,40.4869384765625,,5156
3582948,45.47948205,-122.62040349,"2024-04-22 23:30:34.807000",,,40.9978637695312,,5156
3582949,45.47947857,-122.62040873,"2024-04-22 23:30:40.971000",,,42.12109375,,5156
3582950,45.47947748,-122.62041231,"2024-04-22 23:30:47.129000",,,43.400390625,,5156
3582951,45.4795727,-122.6206483,"2024-04-22 23:30:54.376000",,,,,5156
3582952,45.4794734,-122.62042092,"2024-04-22 23:31:00.000000",,,44.5450439453125,,5156
3582953,45.47947528,-122.62042171,"2024-04-22 23:31:05.657000",,,43.53662109375,,5156
3582954,45.47947585,-122.62042381,"2024-04-22 23:31:11.836000",,,43.9334106445312,,5156
3582955,45.47947595,-122.62042543,"2024-04-22 23:31:18.031000",,,44.26220703125,,5156
3582956,45.47947674,-122.62042662,"2024-04-22 23:31:24.190000",,,44.1373901367188,,5156
3582957,45.47947815,-122.62042639,"2024-04-22 23:31:30.347000",,,43.3030395507813,,5156
3582958,45.47947753,-122.62042677,"2024-04-22 23:31:36.568000",,,43.2044677734375,,5156
3582959,45.47947759,-122.62042496,"2024-04-22 23:31:42.712000",,,42.4232177734375,,5156
3582960,45.47947948,-122.62042718,"2024-04-22 23:31:48.920000",,,43.2356567382812,,5156
3582961,45.479479,-122.62042472,"2024-04-22 23:31:55.069000",,,44.0733032226563,,5156
3582962,45.47947956,-122.62042285,"2024-04-22 23:32:01.241000",,,44.1603393554687,,5156
3582963,45.47948042,-122.62042216,"2024-04-22 23:32:07.396000",,,44.125244140625,,5156
3582964,45.47960515,-122.62045812,"2024-04-22 23:32:13.545000",,,39.1692504882812,,5156
3582965,45.47990816,-122.62048828,"2024-04-22 23:32:21.000000",,,56.7919921875,,5156
3582966,45.48014789,-122.62061567,"2024-04-22 23:32:28.000000",,,46.3099365234375,,5156
3582967,45.48036034,-122.62061576,"2024-04-22 23:32:33.638000",,,48.9988403320313,,5156
3582968,45.480549,-122.62058841,"2024-04-22 23:32:39.928000",,,47.8989868164063,,5156
3582969,45.48077593,-122.62060987,"2024-04-22 23:32:46.077000",,,42.7125854492187,,5156
3582970,45.48105643,-122.62058721,"2024-04-22 23:32:52.228000",,,49.3108520507812,,5156
3582971,45.48131448,-122.62014352,"2024-04-22 23:33:00.000000",,,38.0597534179687,,5156
3582972,45.48130374,-122.61992341,"2024-04-22 23:33:05.654000",,,44.2561645507812,,5156
3582973,45.48135787,-122.61949226,"2024-04-22 23:33:13.000000",,,49.3108520507812,,5156
3582974,45.48144407,-122.61919507,"2024-04-22 23:33:18.675000",,,51.9937744140625,,5156
3582975,45.4813464,-122.61881933,"2024-04-22 23:33:24.855000",,,55.6814575195312,,5156
3582976,45.48139942,-122.61840433,"2024-04-22 23:33:31.013000",,,39.0726928710937,,5156
3582977,45.48142652,-122.61792818,"2024-04-22 23:33:37.174000",,,24.8630981445312,,5156
3582978,45.48144676,-122.61757816,"2024-04-22 23:33:43.332000",,,29.7645874023437,,5156
3582979,45.48142921,-122.61712964,"2024-04-22 23:33:51.000000",,,45.7649536132812,,5156
3582980,45.48133683,-122.61672852,"2024-04-22 23:33:58.000000",,,54.2171630859375,,5156
3582981,45.48155115,-122.61650573,"2024-04-22 23:34:03.677000",,,49.7149047851562,,5156
3582982,45.48182534,-122.61654917,"2024-04-22 23:34:09.863000",,,39.905517578125,,5156
3582983,45.48205413,-122.61645899,"2024-04-22 23:34:16.037000",,,40.5888671875,,5156
3582984,45.48206897,-122.61603347,"2024-04-22 23:34:22.225000",,,39.1279296875,,5156
3582985,45.48209932,-122.61554217,"2024-04-22 23:34:28.384000",,,34.8881225585937,,5156
3582986,45.48210934,-122.61514507,"2024-04-22 23:34:34.550000",,,28.681884765625,,5156
3582987,45.48208326,-122.61466626,"2024-04-22 23:34:42.000000",,,29.1737670898437,,5156
3582988,45.48209091,-122.6142733,"2024-04-22 23:34:47.664000",,,31.8699340820312,,5156
3582989,45.4821187,-122.61391966,"2024-04-22 23:34:55.000000",,,36.3411865234375,,5156
